Country_code,Country,Country_short,Region,Income_group,Year_decision,Year_first_decision,Year_target,Year_latest_target,Target_minimum,Target_maximum,Target_average,Unit,Target_type,RE_technology,Target_consistent,Miscellaneous,Source,Note for time-series,Newly added by
AFG,Afghanistan,Afghanistan,South Asia,Low income,2016,2016,2050,2050,,100,100,Percent,Electricity ,All technologies,100,,https://www.ren21.net/wp-content/uploads/2019/05/GSR2017_Full-Report_English.pdf,1,
AFG,Afghanistan,Afghanistan,South Asia,Low income,2022,2016,2030,2050,,25,25,Percent,Electricity ,All technologies,25,,https://www.ren21.net/wp-content/uploads/2019/05/GSR-2023_Energy-Supply-Module.pdf,1,Poon
AFG,Afghanistan,Afghanistan,South Asia,Low income,2017,2017,2032,2100,,10,10,Percent,Final energy,All technologies,10,,https://www.ren21.net/wp-content/uploads/2019/08/Full-Report-2018.pdf,1,Dou
AFG,Afghanistan,Afghanistan,South Asia,Low income,2020,2017,2100,2100,,40,40,Percent,Final energy,All technologies,40,,https://www.ren21.net/wp-content/uploads/2019/05/GSR2021_Full_Report.pdf,1,Dou
AFG,Afghanistan,Afghanistan,South Asia,Low income,2021,2021,2032,2100,,10,10,Percent,Primary energy,All technologies,,,https://www.ren21.net/wp-content/uploads/2019/05/GSR2022_Full_Report.pdf,,Dou
AFG,Afghanistan,Afghanistan,South Asia,Low income,2021,2021,2100,2100,,40,40,Percent,Primary energy,All technologies,,,https://www.ren21.net/wp-content/uploads/2019/05/GSR2022_Full_Report.pdf,,Dou
ALB,Albania,Albania,Europe & Central Asia,Upper middle income,2012,2012,2020,2030,,38,38,Percent,Final energy,All technologies,38,,https://www.ren21.net/wp-content/uploads/2019/05/GSR2013_Full-Report_English.pdf,1,Dou
ALB,Albania,Albania,Europe & Central Asia,Upper middle income,2020,2012,2030,2030,,42,42,Percent,Final energy,All technologies,42,,https://www.ren21.net/wp-content/uploads/2019/05/GSR2021_Full_Report.pdf,1,Dou
ALB,Albania,Albania,Europe & Central Asia,Upper middle income,2023,2012,2030,2030,,54,54,Percent,Final energy,All technologies,54,,https://www.ren21.net/wp-content/uploads/2019/05/GSR2024_GlobalOverview_Full_Report_with_endnotes_web.pdf,1,Dou
ALB,Albania,Albania,Europe & Central Asia,Upper middle income,2008,2008,2020,2030,,40,40,Percent,Primary energy,All technologies,,,https://www.ren21.net/wp-content/uploads/2019/05/GSR2009_Full-Report_English.pdf,,Dou
ALB,Albania,Albania,Europe & Central Asia,Upper middle income,2009,2008,2020,2030,,18,18,Percent,Primary energy,All technologies,,,https://www.ren21.net/wp-content/uploads/2019/05/GSR2010_Full-Report_English.pdf,,Dou
ALB,Albania,Albania,Europe & Central Asia,Upper middle income,2021,2008,2030,2030,,42,42,Percent,Primary energy,All technologies,,,https://www.ren21.net/wp-content/uploads/2019/05/GSR2022_Full_Report.pdf,,Dou
DZA,Algeria,Algeria,Middle East & North Africa,Upper middle income,2009,2009,2010,2030,,10,10,Percent,Electricity ,All technologies,10,,https://www.ren21.net/Portals/0/documents/activities/gsr/REN21_GSR_2010_full_revised%20Sept2010.pdf,1,
DZA,Algeria,Algeria,Middle East & North Africa,Upper middle income,2010,2009,2017,2030,,5,5,Percent,Electricity ,All technologies,5,,https://www.ren21.net/wp-content/uploads/2019/05/GSR2011_Full-Report_English.pdf,1,
DZA,Algeria,Algeria,Middle East & North Africa,Upper middle income,2010,2009,2030,2030,,20,20,Percent,Electricity ,All technologies,20,,https://www.ren21.net/wp-content/uploads/2019/05/GSR2011_Full-Report_English.pdf,1,
DZA,Algeria,Algeria,Middle East & North Africa,Upper middle income,2012,2009,2030,2030,,40,40,Percent,Electricity ,All technologies,40,,https://www.ren21.net/wp-content/uploads/2019/05/GSR2013_Full-Report_English.pdf,1,
DZA,Algeria,Algeria,Middle East & North Africa,Upper middle income,2014,2009,2030,2030,,27,27,Percent,Electricity ,All technologies,27,,https://www.ren21.net/wp-content/uploads/2019/05/GSR2015_Full-Report_English.pdf,1,Poon
DZA,Algeria,Algeria,Middle East & North Africa,Upper middle income,2011,2011,2030,2030,,40,40,Percent,Final energy,All technologies,40,,https://www.ren21.net/wp-content/uploads/2019/05/GSR2012_Full-Report_English.pdf,1,Dou
DZA,Algeria,Algeria,Middle East & North Africa,Upper middle income,2015,2011,2030,2030,,37,37,Percent,Final energy,All technologies,37,,https://www.ren21.net/wp-content/uploads/2019/05/REN21_GSR2016_FullReport_en_11.pdf,1,Dou
DZA,Algeria,Algeria,Middle East & North Africa,Upper middle income,2021,2021,2030,2030,,40,40,Percent,Primary energy,All technologies,,,https://www.ren21.net/wp-content/uploads/2019/05/GSR2022_Full_Report.pdf,,Dou
AND,Andorra,Andorra,Europe & Central Asia,High income,2021,2021,2030,2030,,75,75,Percent,Electricity ,All technologies,75,,https://unfccc.int/sites/default/files/resource/AND_LTS_Nov2021.pdf,1,
AND,Andorra,Andorra,Europe & Central Asia,High income,2021,2021,2030,2030,,80,80,Percent,Electricity ,All technologies,80,,https://unfccc.int/sites/default/files/resource/AND_LTS_Nov2021.pdf,1,
AGO,Angola,Angola,Sub-Saharan Africa,Lower middle income,2020,2020,2025,2025,,8,8,Percent,Electricity ,All technologies except hydro,8,Around 800 MW,https://www.ren21.net/wp-content/uploads/2019/05/GSR2021_Full_Report.pdf,2,Poon
AGO,Angola,Angola,Sub-Saharan Africa,Lower middle income,2023,2023,2025,2025,,8,8,Percent,Final energy,All technologies,8,,https://www.ren21.net/wp-content/uploads/2019/05/GSR2024_GlobalOverview_Full_Report_with_endnotes_web.pdf,1,Dou
AGO,Angola,Angola,Sub-Saharan Africa,Lower middle income,2018,2018,2025,2025,,8,8,Percent,Primary energy,All technologies,,,https://www.ren21.net/wp-content/uploads/2019/05/gsr_2019_full_report_en.pdf,,Dou
ATG,Antigua and Barbuda,Antigua&Barbuda,Latin America & Caribbean,High income,2012,2012,2015,2030,,5,5,Percent,Electricity ,All technologies,5,,https://www.ren21.net/wp-content/uploads/2019/05/GSR2013_Full-Report_English.pdf,1,
ATG,Antigua and Barbuda,Antigua&Barbuda,Latin America & Caribbean,High income,2012,2012,2020,2030,,10,10,Percent,Electricity ,All technologies,10,,https://www.ren21.net/wp-content/uploads/2019/05/GSR2013_Full-Report_English.pdf,1,
ATG,Antigua and Barbuda,Antigua&Barbuda,Latin America & Caribbean,High income,2012,2012,2030,2030,,15,15,Percent,Electricity ,All technologies,15,,https://www.ren21.net/wp-content/uploads/2019/05/GSR2013_Full-Report_English.pdf,1,
ATG,Antigua and Barbuda,Antigua&Barbuda,Latin America & Caribbean,High income,2015,2012,2016,2030,,8,8,Percent,Electricity ,All technologies,8,,https://www.ren21.net/wp-content/uploads/2019/05/REN21_GSR2016_FullReport_en_11.pdf,1,Poon
ATG,Antigua and Barbuda,Antigua&Barbuda,Latin America & Caribbean,High income,2021,2012,2030,2030,,100,100,Percent,Electricity ,All technologies,100,,https://www.ren21.net/wp-content/uploads/2019/05/GSR2022_Full_Report.pdf,1,
ATG,Antigua and Barbuda,Antigua&Barbuda,Latin America & Caribbean,High income,2020,2020,2030,2030,,15,15,Percent,Final energy,All technologies,15,,https://www.ren21.net/wp-content/uploads/2019/05/GSR2021_Full_Report.pdf,1,Dou
ARG,Argentina,Argentina,Latin America & Caribbean,Upper middle income,2009,2009,2016,2030,,8,8,Percent,Electricity ,All technologies except large hydro,8,,https://www.ren21.net/wp-content/uploads/2019/05/GSR2010_Full-Report_English.pdf,2,Poon
ARG,Argentina,Argentina,Latin America & Caribbean,Upper middle income,2015,2009,2025,2030,,20,20,Percent,Electricity ,All technologies except large hydro,20,,https://www.ren21.net/wp-content/uploads/2019/05/REN21_GSR2016_FullReport_en_11.pdf,2,Poon
ARG,Argentina,Argentina,Latin America & Caribbean,Upper middle income,2017,2009,2018,2030,,8,8,Percent,Electricity ,All technologies except large hydro,8,,https://www.ren21.net/wp-content/uploads/2019/08/Full-Report-2018.pdf,2,Poon
ARG,Argentina,Argentina,Latin America & Caribbean,Upper middle income,2017,2009,2019,2030,,9,9,Percent,Electricity ,All technologies except large hydro,9,,https://www.ren21.net/wp-content/uploads/2019/08/Full-Report-2018.pdf,2,Poon
ARG,Argentina,Argentina,Latin America & Caribbean,Upper middle income,2017,2009,2021,2030,,16,16,Percent,Electricity ,All technologies except large hydro,16,,https://www.ren21.net/wp-content/uploads/2019/08/Full-Report-2018.pdf,2,Poon
ARG,Argentina,Argentina,Latin America & Caribbean,Upper middle income,2017,2009,2023,2030,,18,18,Percent,Electricity ,All technologies except large hydro,18,,https://www.ren21.net/wp-content/uploads/2019/08/Full-Report-2018.pdf,2,Poon
ARG,Argentina,Argentina,Latin America & Caribbean,Upper middle income,2018,2009,2019,2030,,12,12,Percent,Electricity ,All technologies except large hydro,12,,https://www.ren21.net/wp-content/uploads/2019/05/gsr_2019_full_report_en.pdf,2,Poon
ARG,Argentina,Argentina,Latin America & Caribbean,Upper middle income,2020,2009,2030,2030,,26,26,Percent,Electricity ,All technologies except large hydro,26,,https://www.ren21.net/wp-content/uploads/2019/05/GSR2021_Full_Report.pdf,2,Poon
ARG,Argentina,Argentina,Latin America & Caribbean,Upper middle income,2023,2023,2025,2025,,20,20,Percent,Final energy,All technologies,20,,https://www.ren21.net/wp-content/uploads/2019/05/GSR2024_GlobalOverview_Full_Report_with_endnotes_web.pdf,1,Dou
ARM,Armenia,Armenia,Europe & Central Asia,Upper middle income,2016,2016,2025,2036,,40,40,Percent,Electricity ,All technologies,40,,https://www.ren21.net/wp-content/uploads/2019/05/GSR2017_Full-Report_English.pdf,1,Poon
ARM,Armenia,Armenia,Europe & Central Asia,Upper middle income,2020,2016,2020,2036,,21,21,Percent,Electricity ,All technologies,21,,https://www.ren21.net/wp-content/uploads/2019/05/GSR2021_Full_Report.pdf,1,Poon
ARM,Armenia,Armenia,Europe & Central Asia,Upper middle income,2020,2016,2025,2036,,30,30,Percent,Electricity ,All technologies,30,,https://www.ren21.net/wp-content/uploads/2019/05/GSR2021_Full_Report.pdf,1,Poon
ARM,Armenia,Armenia,Europe & Central Asia,Upper middle income,2021,2016,2036,2036,,28,28,Percent,Electricity ,All technologies,28,,https://www.ren21.net/wp-content/uploads/2019/05/GSR2022_Full_Report.pdf,1,
ARM,Armenia,Armenia,Europe & Central Asia,Upper middle income,2023,2023,2030,2030,,15,15,Percent,Final energy,All technologies,15,,https://www.ren21.net/wp-content/uploads/2019/05/GSR2024_GlobalOverview_Full_Report_with_endnotes_web.pdf,1,Dou
ARM,Armenia,Armenia,Europe & Central Asia,Upper middle income,2014,2014,2020,2030,,21,21,Percent,Primary energy,All technologies,,,https://www.ren21.net/wp-content/uploads/2019/05/GSR2015_Full-Report_English.pdf,,Dou
ARM,Armenia,Armenia,Europe & Central Asia,Upper middle income,2014,2014,2025,2030,,26,26,Percent,Primary energy,All technologies,,,https://www.ren21.net/wp-content/uploads/2019/05/GSR2015_Full-Report_English.pdf,,Dou
ARM,Armenia,Armenia,Europe & Central Asia,Upper middle income,2021,2014,2030,2030,,15,15,Percent,Primary energy,All technologies,,,https://www.ren21.net/wp-content/uploads/2019/05/GSR2022_Full_Report.pdf,,Dou
AUS,Australia,Australia,East Asia & Pacific,High income,2001,2001,2010,2030,,2,2,Percent,Electricity ,All technologies ,2,,"https://cer.gov.au/schemes/renewable-energy-target#:~:text=2001%3A%20The%20RET%20began%20as,Australia's%20electricity%20(41%2C000%20GWh).",1,
AUS,Australia,Australia,East Asia & Pacific,High income,2012,2001,2020,2030,,20,20,Percent,Electricity ,All technologies ,20,,https://www.ren21.net/wp-content/uploads/2019/05/GSR2013_Full-Report_English.pdf,1,Poon
AUS,Australia,Australia,East Asia & Pacific,High income,2015,2001,2020,2030,,23,23,Percent,Electricity ,All technologies ,23,,https://www.ren21.net/wp-content/uploads/2019/05/REN21_GSR2016_FullReport_en_11.pdf,1,
AUS,Australia,Australia,East Asia & Pacific,High income,2022,2001,2030,2030,,82,82,Percent,Electricity ,All technologies ,82,,https://www.ren21.net/wp-content/uploads/2019/05/GSR-2023_Energy-Supply-Module.pdf,1,Poon
AUT,Austria,Austria,Europe & Central Asia,High income,2001,2001,2010,2030,,78,78,Percent,Electricity ,All technologies ,78,,https://www.iea.org/policies/3769-green-electricity-act,1,
AUT,Austria,Austria,Europe & Central Asia,High income,2013,2001,2020,2030,,71,71,Percent,Electricity ,All technologies ,71,,https://www.ren21.net/wp-content/uploads/2019/05/GSR2014_Full-Report_English.pdf,1,
AUT,Austria,Austria,Europe & Central Asia,High income,2019,2001,2030,2030,,87,87,Percent,Electricity ,All technologies ,87,,https://ember-energy.org/data/live-eu-necp-tracker/#data-tool,1,Poon
AUT,Austria,Austria,Europe & Central Asia,High income,2023,2001,2030,2030,,94,94,Percent,Electricity ,All technologies ,94,,https://ember-energy.org/data/live-eu-necp-tracker/#data-tool,1,Poon
AUT,Austria,Austria,Europe & Central Asia,High income,2006,2006,2020,2030,,34,34,Percent,Final energy,All technologies,34,,https://www.ren21.net/wp-content/uploads/2019/05/GSR2007_Full-Report_English.pdf,1,Dou
AUT,Austria,Austria,Europe & Central Asia,High income,2011,2006,2020,2030,,45,45,Percent,Final energy,All technologies,45,,https://www.ren21.net/wp-content/uploads/2019/05/GSR2012_Full-Report_English.pdf,1,Dou
AUT,Austria,Austria,Europe & Central Asia,High income,2020,2006,2030,2030,46,50,48,Percent,Final energy,All technologies,48,,https://www.ren21.net/wp-content/uploads/2019/05/GSR2021_Full_Report.pdf,1,Dou
AUT,Austria,Austria,Europe & Central Asia,High income,2023,2006,2030,2030,,45,45,Percent,Final energy,All technologies,45,,https://www.ren21.net/wp-content/uploads/2019/05/GSR2024_GlobalOverview_Full_Report_with_endnotes_web.pdf,1,Dou
AUT,Austria,Austria,Europe & Central Asia,High income,2019,2019,2050,2050,,100,100,Percent,Primary energy,All technologies,,,https://www.ren21.net/wp-content/uploads/2019/05/GSR2023_GlobalOverview_Full_Report_with_endnotes_web.pdf,,Dou
AZE,Azerbaijan,Azerbaijan,Europe & Central Asia,Upper middle income,2013,2013,2020,2030,,20,20,Percent,Electricity ,All technologies,20,,https://www.ren21.net/wp-content/uploads/2019/05/GSR2014_Full-Report_English.pdf,1,
AZE,Azerbaijan,Azerbaijan,Europe & Central Asia,Upper middle income,2022,2013,2030,2030,,30,30,Percent,Electricity ,All technologies,30,,https://www.ren21.net/wp-content/uploads/2019/05/GSR2023_GlobalOverview_Full_Report_with_endnotes_web.pdf,1,
AZE,Azerbaijan,Azerbaijan,Europe & Central Asia,Upper middle income,2023,2023,2030,2030,,30,30,Percent,Final energy,All technologies,30,,https://www.ren21.net/wp-content/uploads/2019/05/GSR2024_GlobalOverview_Full_Report_with_endnotes_web.pdf,1,Dou
AZE,Azerbaijan,Azerbaijan,Europe & Central Asia,Upper middle income,2013,2013,2020,2020,,10,10,Percent,Primary energy,All technologies,,,https://www.ren21.net/wp-content/uploads/2019/05/GSR2014_Full-Report_English.pdf,,Dou
BHS,Bahamas,Bahamas,Latin America & Caribbean,High income,2012,2012,2020,2030,,15,15,Percent,Electricity ,All technologies,15,,https://www.ren21.net/wp-content/uploads/2019/05/GSR2013_Full-Report_English.pdf,1,
BHS,Bahamas,Bahamas,Latin America & Caribbean,High income,2012,2012,2030,2030,,30,30,Percent,Electricity ,All technologies,30,,https://www.ren21.net/wp-content/uploads/2019/05/GSR2013_Full-Report_English.pdf,1,
BHS,Bahamas,Bahamas,Latin America & Caribbean,High income,2020,2020,2030,2030,,30,30,Percent,Final energy,All technologies,30,,https://www.ren21.net/wp-content/uploads/2019/05/GSR2021_Full_Report.pdf,1,Dou
BHS,Bahamas,Bahamas,Latin America & Caribbean,High income,2021,2021,2030,2030,,30,30,Percent,Primary energy,All technologies,,,https://www.ren21.net/wp-content/uploads/2019/05/GSR2022_Full_Report.pdf,,Dou
BHR,Bahrain,Bahrain,Middle East & North Africa,High income,2014,2014,2030,2030,,5,5,Percent,Electricity ,All technologies,5,,https://www.ren21.net/wp-content/uploads/2019/05/GSR2015_Full-Report_English.pdf,1,
BHR,Bahrain,Bahrain,Middle East & North Africa,High income,2019,2014,2025,2030,,5,5,Percent,Electricity ,All technologies,5,,https://www.ren21.net/wp-content/uploads/2019/05/gsr_2020_full_report_en.pdf,1,Poon
BHR,Bahrain,Bahrain,Middle East & North Africa,High income,2019,2014,2030,2030,,10,10,Percent,Electricity ,All technologies,10,,https://www.ren21.net/wp-content/uploads/2019/05/gsr_2020_full_report_en.pdf,1,Poon
BHR,Bahrain,Bahrain,Middle East & North Africa,High income,2020,2020,2025,2035,,6,6,Percent,Primary energy,All technologies,,,https://www.ren21.net/wp-content/uploads/2019/05/GSR2021_Full_Report.pdf,,Dou
BHR,Bahrain,Bahrain,Middle East & North Africa,High income,2020,2020,2035,2035,,10,10,Percent,Primary energy,All technologies,,,https://www.ren21.net/wp-content/uploads/2019/05/GSR2021_Full_Report.pdf,,Dou
BGD,Bangladesh,Bangladesh,South Asia,Lower middle income,2009,2009,2015,2050,,5,5,Percent,Electricity ,All technologies,5,,https://www.ren21.net/Portals/0/documents/activities/gsr/REN21_GSR_2010_full_revised%20Sept2010.pdf,1,
BGD,Bangladesh,Bangladesh,South Asia,Lower middle income,2009,2009,2020,2050,,10,10,Percent,Electricity ,All technologies,10,,https://www.ren21.net/Portals/0/documents/activities/gsr/REN21_GSR_2010_full_revised%20Sept2010.pdf,1,
BGD,Bangladesh,Bangladesh,South Asia,Lower middle income,2016,2009,2050,2050,,100,100,Percent,Electricity ,All technologies,100,,https://www.ren21.net/wp-content/uploads/2019/05/GSR2017_Full-Report_English.pdf,1,
BGD,Bangladesh,Bangladesh,South Asia,Lower middle income,2020,2009,2021,2050,,10,10,Percent,Electricity ,All technologies,10,,https://www.ren21.net/wp-content/uploads/2019/05/GSR2021_Full_Report.pdf,1,Poon
BGD,Bangladesh,Bangladesh,South Asia,Lower middle income,2021,2009,2030,2050,,15,15,Percent,Electricity ,All technologies,15,,https://www.ren21.net/wp-content/uploads/2019/05/GSR2022_Full_Report.pdf,1,
BGD,Bangladesh,Bangladesh,South Asia,Lower middle income,2021,2009,2050,2050,,40,40,Percent,Electricity ,All technologies,40,,https://www.ren21.net/wp-content/uploads/2019/05/GSR2022_Full_Report.pdf,1,
BGD,Bangladesh,Bangladesh,South Asia,Lower middle income,2015,2015,2020,2030,,10,10,Percent,Final energy,All technologies,10,,https://www.ren21.net/wp-content/uploads/2019/05/REN21_GSR2016_FullReport_en_11.pdf,1,Dou
BGD,Bangladesh,Bangladesh,South Asia,Lower middle income,2020,2015,2030,2030,,20,20,Percent,Final energy,All technologies,20,,https://www.ren21.net/wp-content/uploads/2019/05/GSR2021_Full_Report.pdf,1,Dou
BGD,Bangladesh,Bangladesh,South Asia,Lower middle income,2021,2021,2030,2041,,30,30,Percent,Primary energy,All technologies,,,https://www.ren21.net/wp-content/uploads/2019/05/GSR2022_Full_Report.pdf,,Dou
BGD,Bangladesh,Bangladesh,South Asia,Lower middle income,2021,2021,2041,2041,,40,40,Percent,Primary energy,All technologies,,,https://www.ren21.net/wp-content/uploads/2019/05/GSR2022_Full_Report.pdf,,Dou
BRB,Barbados,Barbados,Latin America & Caribbean,High income,2012,2012,2029,2050,,29,29,Percent,Electricity ,All technologies,29,,https://www.ren21.net/wp-content/uploads/2019/05/GSR2013_Full-Report_English.pdf,1,
BRB,Barbados,Barbados,Latin America & Caribbean,High income,2015,2012,2030,2050,,65,65,Percent,Electricity ,All technologies,65,,https://www.ren21.net/wp-content/uploads/2019/05/REN21_GSR2016_FullReport_en_11.pdf,1,
BRB,Barbados,Barbados,Latin America & Caribbean,High income,2016,2012,2050,2050,,100,100,Percent,Electricity ,All technologies,100,,https://www.ren21.net/wp-content/uploads/2019/05/GSR2017_Full-Report_English.pdf,1,
BRB,Barbados,Barbados,Latin America & Caribbean,High income,2022,2022,2050,2050,,100,100,Percent,Final energy,All technologies,100,,https://www.ren21.net/wp-content/uploads/2019/05/GSR2023_GlobalOverview_Full_Report_with_endnotes_web.pdf,1,Dou
BRB,Barbados,Barbados,Latin America & Caribbean,High income,2023,2022,2030,2050,,100,100,Percent,Final energy,All technologies,100,,https://www.ren21.net/wp-content/uploads/2019/05/GSR2024_GlobalOverview_Full_Report_with_endnotes_web.pdf,1,Dou
BRB,Barbados,Barbados,Latin America & Caribbean,High income,2012,2012,2013,2030,,10,10,Percent,Primary energy,All technologies,,,https://www.ren21.net/wp-content/uploads/2019/05/GSR2013_Full-Report_English.pdf,,Dou
BRB,Barbados,Barbados,Latin America & Caribbean,High income,2012,2012,2016,2030,,20,20,Percent,Primary energy,All technologies,,,https://www.ren21.net/wp-content/uploads/2019/05/GSR2013_Full-Report_English.pdf,,Dou
BRB,Barbados,Barbados,Latin America & Caribbean,High income,2021,2012,2030,2030,,100,100,Percent,Primary energy,All technologies,,,https://www.ren21.net/wp-content/uploads/2019/05/GSR2022_Full_Report.pdf,,Dou
BLR,Belarus,Belarus,Europe & Central Asia,Upper middle income,2014,2014,2015,2035,,28,28,Percent,Final energy,All technologies,28,,https://www.ren21.net/wp-content/uploads/2019/05/GSR2015_Full-Report_English.pdf,1,Dou
BLR,Belarus,Belarus,Europe & Central Asia,Upper middle income,2014,2014,2020,2035,,32,32,Percent,Final energy,All technologies,32,,https://www.ren21.net/wp-content/uploads/2019/05/GSR2015_Full-Report_English.pdf,1,Dou
BLR,Belarus,Belarus,Europe & Central Asia,Upper middle income,2023,2014,2035,2035,,9,9,Percent,Final energy,All technologies,9,,https://www.ren21.net/wp-content/uploads/2019/05/GSR2024_GlobalOverview_Full_Report_with_endnotes_web.pdf,1,Dou
BLR,Belarus,Belarus,Europe & Central Asia,Upper middle income,2021,2021,2030,2035,,8,8,Percent,Primary energy,All technologies,,,https://www.ren21.net/wp-content/uploads/2019/05/GSR2022_Full_Report.pdf,,Dou
BLR,Belarus,Belarus,Europe & Central Asia,Upper middle income,2021,2021,2035,2035,,9,9,Percent,Primary energy,All technologies,,,https://www.ren21.net/wp-content/uploads/2019/05/GSR2022_Full_Report.pdf,,Dou
BEL,Belgium,Belgium,Europe & Central Asia,High income,2001,2001,2010,2030,,6,6,Percent,Electricity ,All technologies ,6,,https://www.iea.org/policies/3719-national-green-certificate-scheme,1,
BEL,Belgium,Belgium,Europe & Central Asia,High income,2011,2001,2020,2030,,21,21,Percent,Electricity ,All technologies ,21,,https://www.ren21.net/Portals/0/documents/activities/gsr/GSR2012.pdf,1,
BEL,Belgium,Belgium,Europe & Central Asia,High income,2019,2001,2030,2030,,41,41,Percent,Electricity ,All technologies ,41,,https://ember-energy.org/data/live-eu-necp-tracker/#data-tool,1,Poon
BEL,Belgium,Belgium,Europe & Central Asia,High income,2009,2009,2020,2050,,13,13,Percent,Final energy,All technologies,13,,https://www.ren21.net/wp-content/uploads/2019/05/GSR2010_Full-Report_English.pdf,1,Dou
BEL,Belgium,Belgium,Europe & Central Asia,High income,2020,2009,2030,2050,,18,18,Percent,Final energy,All technologies,18,,https://www.ren21.net/wp-content/uploads/2019/05/GSR2021_Full_Report.pdf,1,Dou
BEL,Belgium,Belgium,Europe & Central Asia,High income,2022,2009,2050,2050,,100,100,Percent,Final energy,All technologies,100,,https://www.ren21.net/wp-content/uploads/2019/05/GSR2023_GlobalOverview_Full_Report_with_endnotes_web.pdf,1,Dou
BEL,Belgium,Belgium,Europe & Central Asia,High income,2015,2015,2020,2050,,10,10,Percent,Primary energy,All technologies,,,https://www.ren21.net/wp-content/uploads/2019/05/REN21_GSR2016_FullReport_en_11.pdf,,Dou
BEL,Belgium,Belgium,Europe & Central Asia,High income,2021,2015,2030,2050,,18,18,Percent,Primary energy,All technologies,,,https://www.ren21.net/wp-content/uploads/2019/05/GSR2022_Full_Report.pdf,,Dou
BEL,Belgium,Belgium,Europe & Central Asia,High income,2021,2015,2050,2050,,100,100,Percent,Primary energy,All technologies,,,https://www.ren21.net/wp-content/uploads/2019/05/GSR2022_Full_Report.pdf,,Dou
BLZ,Belize,Belize,Latin America & Caribbean,Upper middle income,2013,2013,NA,2030,,50,50,Percent,Electricity ,All technologies,50,,https://www.ren21.net/wp-content/uploads/2019/05/GSR2014_Full-Report_English.pdf,1,
BLZ,Belize,Belize,Latin America & Caribbean,Upper middle income,2015,2013,2017,2030,,85,85,Percent,Electricity ,All technologies,85,,https://www.ren21.net/wp-content/uploads/2019/05/REN21_GSR2016_FullReport_en_11.pdf,1,
BLZ,Belize,Belize,Latin America & Caribbean,Upper middle income,2018,2013,2030,2030,,85,85,Percent,Electricity ,All technologies,85,,https://www.ren21.net/wp-content/uploads/2019/05/gsr_2019_full_report_en.pdf,1,Poon
BLZ,Belize,Belize,Latin America & Caribbean,Upper middle income,2021,2013,2030,2030,,75,75,Percent,Electricity ,All technologies,75,,https://www.ren21.net/wp-content/uploads/2019/05/GSR2022_Full_Report.pdf,1,
BEN,Benin,Benin,Sub-Saharan Africa,Lower middle income,2011,2011,2025,2025,,50,50,Percent,Electricity ,All technologies,50,Only rural,https://www.ren21.net/wp-content/uploads/2019/05/GSR2012_Full-Report_English.pdf,1,Poon
BEN,Benin,Benin,Sub-Saharan Africa,Lower middle income,2017,2017,2025,2025,,25,25,Percent,Final energy,All technologies,25,,https://www.ren21.net/wp-content/uploads/2019/08/Full-Report-2018.pdf,1,Dou
BEN,Benin,Benin,Sub-Saharan Africa,Lower middle income,2021,2021,2025,2030,,25,25,Percent,Primary energy,All technologies,,,https://www.ren21.net/wp-content/uploads/2019/05/GSR2022_Full_Report.pdf,,Dou
BEN,Benin,Benin,Sub-Saharan Africa,Lower middle income,2021,2021,2030,2030,,30,30,Percent,Primary energy,All technologies,,,https://www.ren21.net/wp-content/uploads/2019/05/GSR2022_Full_Report.pdf,,Dou
BTN,Bhutan,Bhutan,South Asia,Lower middle income,2016,2016,2050,2050,,100,100,Percent,Electricity ,All technologies,100,,https://www.ren21.net/wp-content/uploads/2019/05/GSR2017_Full-Report_English.pdf,1,
BTN,Bhutan,Bhutan,South Asia,Lower middle income,2020,2020,2050,2050,,100,100,Percent,Final energy,All technologies,100,,https://www.ren21.net/wp-content/uploads/2019/05/GSR2021_Full_Report.pdf,1,Dou
BTN,Bhutan,Bhutan,South Asia,Lower middle income,2021,2021,2050,2050,,100,100,Percent,Primary energy,All technologies,,,https://www.ren21.net/wp-content/uploads/2019/05/GSR2022_Full_Report.pdf,,Dou
BOL,Bolivia (Plurinational State of),Bolivia,Latin America & Caribbean,Lower middle income,2015,2015,2030,2030,,79,79,Percent,Electricity ,All technologies,79,,https://www.ren21.net/wp-content/uploads/2019/05/REN21_GSR2016_FullReport_en_11.pdf,1,
BOL,Bolivia (Plurinational State of),Bolivia,Latin America & Caribbean,Lower middle income,2022,2015,2025,2030,,80,80,Percent,Electricity ,All technologies,80,,https://www.ren21.net/wp-content/uploads/2019/05/GSR-2023_Energy-Supply-Module.pdf,1,Poon
BOL,Bolivia (Plurinational State of),Bolivia,Latin America & Caribbean,Lower middle income,2021,2021,2025,2025,,80,80,Percent,Primary energy,All technologies,,,https://www.ren21.net/wp-content/uploads/2019/05/GSR2022_Full_Report.pdf,,Dou
BIH,Bosnia And Herzegovina,Bosnia&Herzegovina,Europe & Central Asia,Upper middle income,2020,2020,2030,2030,,57,57,Percent,Electricity ,All technologies,57,,https://www.ren21.net/wp-content/uploads/2019/05/GSR2021_Full_Report.pdf,1,
BIH,Bosnia and Herzegovina,Bosnia&Herzegovina,Europe & Central Asia,Upper middle income,2012,2012,2020,2020,,40,40,Percent,Final energy,All technologies,40,,https://www.ren21.net/wp-content/uploads/2019/05/GSR2013_Full-Report_English.pdf,1,Dou
BIH,Bosnia and Herzegovina,Bosnia&Herzegovina,Europe & Central Asia,Upper middle income,2015,2015,2016,2016,,20,20,Percent,Primary energy,All technologies,,,https://www.ren21.net/wp-content/uploads/2019/05/REN21_GSR2016_FullReport_en_11.pdf,,Dou
BWA,Botswana,Botswana,Sub-Saharan Africa,Upper middle income,2010,2010,2016,2036,,1,1,Percent,Final energy,All technologies,1,,https://www.ren21.net/wp-content/uploads/2019/05/GSR2011_Full-Report_English.pdf,1,Dou
BWA,Botswana,Botswana,Sub-Saharan Africa,Upper middle income,2023,2010,2036,2036,,50,50,Percent,Final energy,All technologies,50,,https://www.ren21.net/wp-content/uploads/2019/05/GSR2024_GlobalOverview_Full_Report_with_endnotes_web.pdf,1,Dou
BRA,Brazil,Brazil,Latin America & Caribbean,Upper middle income,2009,2009,2020,2030,,75,75,Percent,Electricity ,All technologies,75,,https://www.ren21.net/wp-content/uploads/2019/05/GSR2010_Full-Report_English.pdf,1,
BRA,Brazil,Brazil,Latin America & Caribbean,Upper middle income,2015,2009,2030,2030,,23,23,Percent,Electricity ,All technologies except hydro,23,,https://www.ren21.net/wp-content/uploads/2019/05/REN21_GSR2016_FullReport_en_11.pdf,2,
BRA,Brazil,Brazil,Latin America & Caribbean,Upper middle income,2022,2009,2030,2030,,45,45,Percent,Electricity ,All technologies,45,,https://www.ren21.net/wp-content/uploads/2019/05/GSR-2023_Energy-Supply-Module.pdf,1,Poon
BRA,Brazil,Brazil,Latin America & Caribbean,Upper middle income,2015,2015,2030,2030,,45,45,Percent,Final energy,All technologies,45,,https://www.ren21.net/wp-content/uploads/2019/05/REN21_GSR2016_FullReport_en_11.pdf,1,Dou
BRA,Brazil,Brazil,Latin America & Caribbean,Upper middle income,2020,2020,2030,2030,,45,45,Percent,Primary energy,All technologies,,,https://www.ren21.net/wp-content/uploads/2019/05/GSR2021_Full_Report.pdf,,Dou
BRA,Brazil,Brazil,Latin America & Caribbean,Upper middle income,2021,2020,2030,2030,45,50,48,Percent,Primary energy,All technologies,,,https://www.ren21.net/wp-content/uploads/2019/05/GSR2022_Full_Report.pdf,,Dou
BRN,Brunei Darussalam,Brunei Darussalam,East Asia & Pacific,High income,2014,2014,2035,2035,,10,10,Percent,Electricity ,All technologies,10,,https://www.ren21.net/wp-content/uploads/2019/05/GSR2015_Full-Report_English.pdf,1,Poon
BRN,Brunei Darussalam,Brunei Darussalam,East Asia & Pacific,High income,2022,2014,2035,2035,,30,30,Percent,Electricity ,All technologies,30,,https://www.ren21.net/wp-content/uploads/2019/05/GSR-2023_Energy-Supply-Module.pdf,1,Poon
BRN,Brunei Darussalam,Brunei Darussalam,East Asia & Pacific,High income,2018,2018,2035,2035,,10,10,Percent,Final energy,All technologies,10,,https://www.ren21.net/wp-content/uploads/2019/05/gsr_2019_full_report_en.pdf,1,Dou
BRN,Brunei Darussalam,Brunei Darussalam,East Asia & Pacific,High income,2021,2021,2035,2035,,10,10,Percent,Primary energy,All technologies,,,https://www.ren21.net/wp-content/uploads/2019/05/GSR2022_Full_Report.pdf,,Dou
BGR,Bulgaria,Bulgaria,Europe & Central Asia,High income,2009,2009,2010,2030,,11,11,Percent,Electricity ,All technologies,11,,https://www.ren21.net/Portals/0/documents/activities/gsr/REN21_GSR_2010_full_revised%20Sept2010.pdf,1,
BGR,Bulgaria,Bulgaria,Europe & Central Asia,High income,2014,2009,2020,2030,,21,21,Percent,Electricity ,All technologies,21,,https://www.ren21.net/wp-content/uploads/2019/05/GSR2015_Full-Report_English.pdf,1,
BGR,Bulgaria,Bulgaria,Europe & Central Asia,High income,2019,2009,2020,2030,,17,17,Percent,Electricity ,All technologies,17,,https://www.ren21.net/wp-content/uploads/2019/05/gsr_2020_full_report_en.pdf,1,
BGR,Bulgaria,Bulgaria,Europe & Central Asia,High income,2019,2009,2030,2030,,57,57,Percent,Electricity ,All technologies ,57,,https://ember-energy.org/data/live-eu-necp-tracker/#data-tool,1,Poon
BGR,Bulgaria,Bulgaria,Europe & Central Asia,High income,2023,2009,2030,2030,,91,91,Percent,Electricity ,All technologies ,91,,https://ember-energy.org/data/live-eu-necp-tracker/#data-tool,1,Poon
BGR,Bulgaria,Bulgaria,Europe & Central Asia,High income,2009,2009,2020,2030,,16,16,Percent,Final energy,All technologies,16,,https://www.ren21.net/wp-content/uploads/2019/05/GSR2010_Full-Report_English.pdf,1,Dou
BGR,Bulgaria,Bulgaria,Europe & Central Asia,High income,2019,2009,2030,2030,,27,27,Percent,Final energy,All technologies,27,,https://www.ren21.net/wp-content/uploads/2019/05/gsr_2020_full_report_en.pdf,1,Dou
BGR,Bulgaria,Bulgaria,Europe & Central Asia,High income,2021,2021,2030,2030,,27,27,Percent,Primary energy,All technologies,,,https://www.ren21.net/wp-content/uploads/2019/05/GSR2022_Full_Report.pdf,,Dou
BFA,Burkina Faso,Burkina Faso,Sub-Saharan Africa,Low income,2016,2016,2050,2050,,100,100,Percent,Electricity ,All technologies,100,,https://www.ren21.net/wp-content/uploads/2019/05/GSR2017_Full-Report_English.pdf,1,
BFA,Burkina Faso,Burkina Faso,Sub-Saharan Africa,Low income,2017,2016,2025,2050,,50,50,Percent,Electricity ,All technologies,50,,https://www.ren21.net/wp-content/uploads/2019/08/Full-Report-2018.pdf,1,Poon
BFA,Burkina Faso,Burkina Faso,Sub-Saharan Africa,Low income,2020,2016,2030,2050,,50,50,Percent,Electricity ,All technologies,50,,https://www.ren21.net/wp-content/uploads/2019/05/GSR2021_Full_Report.pdf,1,Poon
BFA,Burkina Faso,Burkina Faso,Sub-Saharan Africa,Low income,2020,2020,2025,2030,,50,50,Percent,Final energy,All technologies,50,,https://www.ren21.net/wp-content/uploads/2019/05/GSR2021_Full_Report.pdf,1,Dou
BFA,Burkina Faso,Burkina Faso,Sub-Saharan Africa,Low income,2023,2020,2030,2030,,50,50,Percent,Final energy,All technologies,50,,https://www.ren21.net/wp-content/uploads/2019/05/GSR2024_GlobalOverview_Full_Report_with_endnotes_web.pdf,1,Dou
BFA,Burkina Faso,Burkina Faso,Sub-Saharan Africa,Low income,2021,2021,2025,2030,,50,50,Percent,Primary energy,All technologies,,,https://www.ren21.net/wp-content/uploads/2019/05/GSR2022_Full_Report.pdf,,Dou
BFA,Burkina Faso,Burkina Faso,Sub-Saharan Africa,Low income,2021,2021,2030,2030,,27,27,Percent,Primary energy,All technologies,,,https://www.ren21.net/wp-content/uploads/2019/05/GSR2022_Full_Report.pdf,,Dou
BDI,Burundi,Burundi,Sub-Saharan Africa,Low income,2020,2020,2020,2025,,17,17,Percent,Electricity ,All technologies,17,,https://www.ren21.net/wp-content/uploads/2019/05/GSR2021_Full_Report.pdf,1,Poon
BDI,Burundi,Burundi,Sub-Saharan Africa,Low income,2020,2020,2025,2025,,50,50,Percent,Electricity ,All technologies,50,,https://www.ren21.net/wp-content/uploads/2019/05/GSR2021_Full_Report.pdf,1,Poon
BDI,Burundi,Burundi,Sub-Saharan Africa,Low income,2010,2010,2020,2025,,2,2,Percent,Final energy,All technologies,2,,https://www.ren21.net/wp-content/uploads/2019/05/GSR2011_Full-Report_English.pdf,1,Dou
BDI,Burundi,Burundi,Sub-Saharan Africa,Low income,2020,2010,2025,2025,,50,50,Percent,Final energy,All technologies,50,,https://www.ren21.net/wp-content/uploads/2019/05/GSR2021_Full_Report.pdf,1,Dou
BDI,Burundi,Burundi,Sub-Saharan Africa,Low income,2021,2021,2025,2025,,50,50,Percent,Primary energy,All technologies,,,https://www.ren21.net/wp-content/uploads/2019/05/GSR2022_Full_Report.pdf,,Dou
KHM,Cambodia,Cambodia,East Asia & Pacific,Lower middle income,2014,2014,2015,2050,,15,15,Percent,Electricity ,All technologies,15,,https://www.ren21.net/wp-content/uploads/2019/05/GSR2015_Full-Report_English.pdf,1,
KHM,Cambodia,Cambodia,East Asia & Pacific,Lower middle income,2015,2014,2035,2050,,25,25,Percent,Electricity ,All technologies,25,,https://www.ren21.net/wp-content/uploads/2019/05/REN21_GSR2016_FullReport_en_11.pdf,1,
KHM,Cambodia,Cambodia,East Asia & Pacific,Lower middle income,2016,2014,2050,2050,,100,100,Percent,Electricity ,All technologies,100,,https://www.ren21.net/wp-content/uploads/2019/05/GSR2017_Full-Report_English.pdf,1,
KHM,Cambodia,Cambodia,East Asia & Pacific,Lower middle income,2021,2014,2050,2050,,35,35,Percent,Electricity ,All technologies,35,,https://www.ren21.net/wp-content/uploads/2019/05/GSR2022_Full_Report.pdf,1,
KHM,Cambodia,Cambodia,East Asia & Pacific,Lower middle income,2020,2020,2050,2050,,100,100,Percent,Final energy,All technologies,100,,https://www.ren21.net/wp-content/uploads/2019/05/GSR2021_Full_Report.pdf,1,Dou
KHM,Cambodia,Cambodia,East Asia & Pacific,Lower middle income,2023,2020,2030,2050,,25,25,Percent,Final energy,All technologies,25,,https://www.ren21.net/wp-content/uploads/2019/05/GSR2024_GlobalOverview_Full_Report_with_endnotes_web.pdf,1,Dou
KHM,Cambodia,Cambodia,East Asia & Pacific,Lower middle income,2021,2021,2050,2050,,100,100,Percent,Primary energy,All technologies,,,https://www.ren21.net/wp-content/uploads/2019/05/GSR2022_Full_Report.pdf,,Dou
CMR,Cameroon,Cameroon,Sub-Saharan Africa,Lower middle income,2009,2009,2015,2030,,50,50,Percent,Electricity ,All technologies,50,,https://www.ren21.net/Portals/0/documents/activities/gsr/REN21_GSR_2010_full_revised%20Sept2010.pdf,1,
CMR,Cameroon,Cameroon,Sub-Saharan Africa,Lower middle income,2009,2009,2020,2030,,80,80,Percent,Electricity ,All technologies,80,,https://www.ren21.net/Portals/0/documents/activities/gsr/REN21_GSR_2010_full_revised%20Sept2010.pdf,1,
CMR,Cameroon,Cameroon,Sub-Saharan Africa,Lower middle income,2021,2009,2030,2030,,19,19,Percent,Electricity ,All technologies,19,,https://www.ren21.net/wp-content/uploads/2019/05/GSR2022_Full_Report.pdf,1,
CMR,Cameroon,Cameroon,Sub-Saharan Africa,Lower middle income,2023,2023,2035,2035,,25,25,Percent,Final energy,All technologies,25,,https://www.ren21.net/wp-content/uploads/2019/05/GSR2024_GlobalOverview_Full_Report_with_endnotes_web.pdf,1,Dou
CAN,Canada,Canada,North America,High income,2020,2020,2020,2030,,71,71,Percent,Electricity ,All technologies except hydro,71,,https://www.ren21.net/wp-content/uploads/2019/05/gsr_2020_full_report_en.pdf,2,Poon
CAN,Canada,Canada,North America,High income,2024,2020,2030,2030,,90,90,Percent,Electricity ,All technologies,90,,https://www.canada.ca/en/employment-social-development/programs/agenda-2030/afforadable-clean-energy.html,1,
CPV,Cape Verde,Cape Verde,Sub-Saharan Africa,Lower middle income,2009,2009,2020,2035,,50,50,Percent,Electricity ,All technologies,50,,https://www.ren21.net/Portals/0/documents/activities/gsr/REN21_GSR_2010_full_revised%20Sept2010.pdf,1,
CPV,Cape Verde,Cape Verde,Sub-Saharan Africa,Lower middle income,2015,2009,2035,2035,,100,100,Percent,Electricity ,All technologies,100,,https://www.ren21.net/wp-content/uploads/2019/05/REN21_GSR2016_FullReport_en_11.pdf,1,
CPV,Cape Verde,Cape Verde,Sub-Saharan Africa,Lower middle income,2016,2009,2020,2035,,100,100,Percent,Electricity ,All technologies,100,,https://www.ren21.net/wp-content/uploads/2019/05/GSR2017_Full-Report_English.pdf,1,
CPV,Cape Verde,Cape Verde,Sub-Saharan Africa,Lower middle income,2017,2009,2025,2035,,100,100,Percent,Electricity ,All technologies,100,,https://www.ren21.net/wp-content/uploads/2019/08/Full-Report-2018.pdf,1,
CPV,Cape Verde,Cape Verde,Sub-Saharan Africa,Lower middle income,2022,2009,2030,2035,,50,50,Percent,Electricity ,All technologies,50,,https://www.ren21.net/wp-content/uploads/2019/05/GSR-2023_Energy-Supply-Module.pdf,1,
CPV,Cape Verde,Cape Verde,Sub-Saharan Africa,Lower middle income,2023,2023,2030,2030,,50,50,Percent,Final energy,All technologies,50,,https://www.ren21.net/wp-content/uploads/2019/05/GSR2024_GlobalOverview_Full_Report_with_endnotes_web.pdf,1,Dou
CPV,Cape Verde,Cape Verde,Sub-Saharan Africa,Lower middle income,2021,2021,2030,2030,,50,50,Percent,Primary energy,All technologies,,,https://www.ren21.net/wp-content/uploads/2019/05/GSR2022_Full_Report.pdf,,Dou
CHL,Chile,Chile,Latin America & Caribbean,High income,2010,2010,2020,2050,,8,8,Percent,Electricity ,All technologies except hydro,8,,https://www.ren21.net/wp-content/uploads/2019/05/GSR2011_Full-Report_English.pdf,2,
CHL,Chile,Chile,Latin America & Caribbean,High income,2011,2010,2020,2050,,10,10,Percent,Electricity ,All technologies except hydro,10,,https://www.ren21.net/wp-content/uploads/2019/05/GSR2012_Full-Report_English.pdf,2,
CHL,Chile,Chile,Latin America & Caribbean,High income,2013,2010,2025,2050,,20,20,Percent,Electricity ,All technologies except large hydro,20,,https://www.ren21.net/wp-content/uploads/2019/05/GSR2014_Full-Report_English.pdf,2,
CHL,Chile,Chile,Latin America & Caribbean,High income,2019,2010,2030,2050,,70,70,Percent,Electricity ,All technologies,70,,https://www.ren21.net/wp-content/uploads/2019/05/gsr_2020_full_report_en.pdf,1,
CHL,Chile,Chile,Latin America & Caribbean,High income,2022,2010,2030,2050,,80,80,Percent,Electricity ,All technologies,80,,"https://practiceguides.chambers.com/practice-guides/renewable-energy-2024/chile/trends-and-developments/O18445#:~:text=achieving%20100%%20zero%2Demission%20energy%20in%20electricity%20generation,and%2080%%20in%20renewable%20energy%20by%202030;&text=As%20we%20have%20pointed%20out%2C%20Chile's%20commitment,significantly%20influenced%20market%20dynamics%20and%20regulatory%20behaviour.",1,Poon
CHL,Chile,Chile,Latin America & Caribbean,High income,2022,2010,2050,2050,,100,100,Percent,Electricity ,All technologies,100,,"https://practiceguides.chambers.com/practice-guides/renewable-energy-2024/chile/trends-and-developments/O18445#:~:text=achieving%20100%%20zero%2Demission%20energy%20in%20electricity%20generation,and%2080%%20in%20renewable%20energy%20by%202030;&text=As%20we%20have%20pointed%20out%2C%20Chile's%20commitment,significantly%20influenced%20market%20dynamics%20and%20regulatory%20behaviour.",1,Poon
CHL,Chile,Chile,Latin America & Caribbean,High income,2019,2019,2024,2030,,20,20,Percent,Final energy,All technologies,20,,https://www.ren21.net/wp-content/uploads/2019/05/gsr_2020_full_report_en.pdf,1,Dou
CHL,Chile,Chile,Latin America & Caribbean,High income,2023,2019,2030,2030,,70,70,Percent,Final energy,All technologies,70,,https://www.ren21.net/wp-content/uploads/2019/05/GSR2024_GlobalOverview_Full_Report_with_endnotes_web.pdf,1,Dou
CHL,Chile,Chile,Latin America & Caribbean,High income,2021,2021,2035,2050,,60,60,Percent,Primary energy,All technologies,,,https://www.ren21.net/wp-content/uploads/2019/05/GSR2022_Full_Report.pdf,,Dou
CHL,Chile,Chile,Latin America & Caribbean,High income,2021,2021,2050,2050,,70,70,Percent,Primary energy,All technologies,,,https://www.ren21.net/wp-content/uploads/2019/05/GSR2022_Full_Report.pdf,,Dou
CHN,China,China,East Asia & Pacific,Upper middle income,2010,2010,2020,2030,,3,3,Percent,Electricity ,All technologies ,3,,https://www.ren21.net/wp-content/uploads/2019/05/GSR2011_Full-Report_English.pdf,1,
CHN,China,China,East Asia & Pacific,Upper middle income,2017,2010,2020,2030,,27,27,Percent,Electricity ,All technologies ,27,,https://www.ren21.net/wp-content/uploads/2019/08/Full-Report-2018.pdf,1,
CHN,China,China,East Asia & Pacific,Upper middle income,2018,2010,2030,2030,,35,35,Percent,Electricity ,All technologies ,35,,https://www.ren21.net/wp-content/uploads/2019/05/gsr_2019_full_report_en.pdf,1,
CHN,China,China,East Asia & Pacific,Upper middle income,2020,2010,2020,2030,,28,28,Percent,Electricity ,All technologies ,28,,https://www.ren21.net/wp-content/uploads/2019/05/GSR2021_Full_Report.pdf,1,
CHN,China,China,East Asia & Pacific,Upper middle income,2021,2010,2025,2030,,50,50,Percent,Electricity ,All technologies ,50,,https://www.solarpaces.org/chinas-51-renewable-energy-target-was-achieved-early/,1,Poon
CHN,China,China,East Asia & Pacific,Upper middle income,2021,2010,2030,2030,,40,40,Percent,Electricity ,All technologies ,40,,https://www.ren21.net/wp-content/uploads/2019/05/GSR2022_Full_Report.pdf,1,
CHN,China,China,East Asia & Pacific,Upper middle income,2022,2010,2030,2030,,26,26,Percent,Electricity ,All technologies ,26,,https://www.ren21.net/wp-content/uploads/2019/05/GSR2023_GlobalOverview_Full_Report_with_endnotes_web.pdf,1,
CHN,China,China,East Asia & Pacific,Upper middle income,2009,2009,2020,2030,,15,15,Percent,Final energy,All technologies,15,,https://www.ren21.net/wp-content/uploads/2019/05/GSR2010_Full-Report_English.pdf,1,Dou
CHN,China,China,East Asia & Pacific,Upper middle income,2011,2009,2015,2030,,11,11,Percent,Final energy,All technologies,11,,https://www.ren21.net/wp-content/uploads/2019/05/GSR2012_Full-Report_English.pdf,1,Dou
CHN,China,China,East Asia & Pacific,Upper middle income,2012,2009,2015,2030,,10,10,Percent,Final energy,All technologies,10,,https://www.ren21.net/wp-content/uploads/2019/05/GSR2013_Full-Report_English.pdf,1,Dou
CHN,China,China,East Asia & Pacific,Upper middle income,2014,2009,2017,2030,,13,13,Percent,Final energy,All technologies,13,,https://www.ren21.net/wp-content/uploads/2019/05/GSR2015_Full-Report_English.pdf,1,Dou
CHN,China,China,East Asia & Pacific,Upper middle income,2015,2009,2030,2030,,20,20,Percent,Final energy,All technologies,20,,https://www.ren21.net/wp-content/uploads/2019/05/REN21_GSR2016_FullReport_en_11.pdf,1,Dou
CHN,China,China,East Asia & Pacific,Upper middle income,2004,2004,2010,2030,,10,10,Percent,Primary energy,All technologies except hydro,,,https://www.ren21.net/wp-content/uploads/2019/05/GSR2005_Full-Report_English.pdf,,Dou
CHN,China,China,East Asia & Pacific,Upper middle income,2005,2004,2020,2030,,16,16,Percent,Primary energy,All technologies except biomass,,,https://www.ren21.net/wp-content/uploads/2019/05/GSR2006_Full-Report_English.pdf,,Dou
CHN,China,China,East Asia & Pacific,Upper middle income,2016,2004,2020,2030,,15,15,Percent,Primary energy,All technologies,,,https://www.ren21.net/wp-content/uploads/2019/05/GSR2017_Full-Report_English.pdf,,Dou
CHN,China,China,East Asia & Pacific,Upper middle income,2016,2004,2030,2030,,20,20,Percent,Primary energy,All technologies,,,https://www.ren21.net/wp-content/uploads/2019/05/GSR2017_Full-Report_English.pdf,,Dou
CHN,China,China,East Asia & Pacific,Upper middle income,2018,2004,2020,2030,,20,20,Percent,Primary energy,All technologies,,,https://www.ren21.net/wp-content/uploads/2019/05/gsr_2019_full_report_en.pdf,,Dou
CHN,China,China,East Asia & Pacific,Upper middle income,2020,2004,2030,2030,,25,25,Percent,Primary energy,All technologies,,,https://www.ren21.net/wp-content/uploads/2019/05/GSR2021_Full_Report.pdf,,Dou
CHN,China,China,East Asia & Pacific,Upper middle income,2021,2004,2030,2030,,26,26,Percent,Primary energy,All technologies,,,https://www.ren21.net/wp-content/uploads/2019/05/GSR2022_Full_Report.pdf,,Dou
COL,Colombia,Colombia,Latin America & Caribbean,Upper middle income,2011,2011,2020,2050,,7,7,Percent,Electricity ,All technologies ,7,,https://www.ren21.net/wp-content/uploads/2019/05/GSR2010_Full-Report_English.pdf,1,
COL,Colombia,Colombia,Latin America & Caribbean,Upper middle income,2012,2011,2015,2050,,24,24,Percent,Electricity ,All technologies ,24,,https://www.ren21.net/wp-content/uploads/2019/05/GSR2013_Full-Report_English.pdf,1,
COL,Colombia,Colombia,Latin America & Caribbean,Upper middle income,2012,2011,2020,2050,,37,37,Percent,Electricity ,All technologies ,37,,https://www.ren21.net/wp-content/uploads/2019/05/GSR2013_Full-Report_English.pdf,1,
COL,Colombia,Colombia,Latin America & Caribbean,Upper middle income,2016,2011,2050,2050,,100,100,Percent,Electricity ,All technologies,100,,https://www.ren21.net/wp-content/uploads/2019/05/GSR2017_Full-Report_English.pdf,1,
COL,Colombia,Colombia,Latin America & Caribbean,Upper middle income,2019,2011,2030,2050,,70,70,Percent,Electricity ,All technologies ,70,,https://www.ren21.net/wp-content/uploads/2019/05/gsr_2020_full_report_en.pdf,1,
COL,Colombia,Colombia,Latin America & Caribbean,Upper middle income,2020,2011,2020,2050,,77,77,Percent,Electricity ,All technologies ,77,,https://www.ren21.net/wp-content/uploads/2019/05/GSR2021_Full_Report.pdf,1,Poon
COL,Colombia,Colombia,Latin America & Caribbean,Upper middle income,2023,2023,2030,2030,,70,70,Percent,Final energy,All technologies,70,,https://www.ren21.net/wp-content/uploads/2019/05/GSR2024_GlobalOverview_Full_Report_with_endnotes_web.pdf,1,Dou
COM,Comoros,Comoros,Sub-Saharan Africa,Lower middle income,2015,2015,2030,2050,,43,43,Percent,Electricity ,All technologies,43,,https://www.ren21.net/wp-content/uploads/2019/05/REN21_GSR2016_FullReport_en_11.pdf,1,
COM,Comoros,Comoros,Sub-Saharan Africa,Lower middle income,2016,2015,2050,2050,,100,100,Percent,Electricity ,All technologies,100,,https://www.ren21.net/wp-content/uploads/2019/05/GSR2017_Full-Report_English.pdf,1,
COM,Comoros,Comoros,Sub-Saharan Africa,Lower middle income,2020,2020,2050,2050,,100,100,Percent,Final energy,All technologies,100,,https://www.ren21.net/wp-content/uploads/2019/05/GSR2021_Full_Report.pdf,1,Dou
COM,Comoros,Comoros,Sub-Saharan Africa,Lower middle income,2021,2021,2050,2050,,100,100,Percent,Primary energy,All technologies,,,https://www.ren21.net/wp-content/uploads/2019/05/GSR2022_Full_Report.pdf,,Dou
COG,Congo,"Congo, Rep.",Sub-Saharan Africa,Lower middle income,2015,2015,2025,2025,,85,85,Percent,Electricity ,All technologies,85,,https://www.ren21.net/wp-content/uploads/2019/05/REN21_GSR2016_FullReport_en_11.pdf,1,
COG,Congo,"Congo, Rep.",Sub-Saharan Africa,Lower middle income,2020,2020,2050,2050,,100,100,Percent,Final energy,All technologies,100,,https://www.ren21.net/wp-content/uploads/2019/05/GSR2021_Full_Report.pdf,1,Dou
COD,Congo (Democratic Republic of the),"Congo, Dem Rep",Sub-Saharan Africa,Low income,2017,2017,2050,2050,,100,100,Percent,Electricity ,All technologies,100,,https://www.ren21.net/wp-content/uploads/2019/08/Full-Report-2018.pdf,1,
COD,Congo (Democratic Republic of the),"Congo, Dem Rep",Sub-Saharan Africa,Low income,2022,2022,2050,2050,,100,100,Percent,Final energy,All technologies,100,,https://www.ren21.net/wp-content/uploads/2019/05/GSR2023_GlobalOverview_Full_Report_with_endnotes_web.pdf,1,Dou
COD,Congo (Democratic Republic of the),"Congo, Dem Rep",Sub-Saharan Africa,Low income,2021,2021,2050,2050,,100,100,Percent,Primary energy,All technologies,,,https://www.ren21.net/wp-content/uploads/2019/05/GSR2022_Full_Report.pdf,,Dou
CRI,Costa Rica,Costa Rica,Latin America & Caribbean,Upper middle income,2011,2011,2021,2030,,100,100,Percent,Electricity ,All technologies ,100,,https://www.ren21.net/Portals/0/documents/activities/gsr/GSR2012.pdf,1,
CRI,Costa Rica,Costa Rica,Latin America & Caribbean,Upper middle income,2016,2011,2030,2030,,100,100,Percent,Electricity ,All technologies ,100,,https://www.ren21.net/wp-content/uploads/2019/05/GSR2017_Full-Report_English.pdf,1,
CIV,Cote d'Ivoire,Cote d'Ivoire,Sub-Saharan Africa,Lower middle income,2015,2015,2020,2030,,42,42,Percent,Electricity ,All technologies,42,,https://www.ren21.net/wp-content/uploads/2019/05/REN21_GSR2016_FullReport_en_11.pdf,1,
CIV,Cote d'Ivoire,Cote d'Ivoire,Sub-Saharan Africa,Lower middle income,2020,2015,2020,2030,,15,15,Percent,Electricity ,All technologies,15,,https://www.ren21.net/wp-content/uploads/2019/05/GSR2021_Full_Report.pdf,1,
CIV,Cote d'Ivoire,Cote d'Ivoire,Sub-Saharan Africa,Lower middle income,2021,2015,2030,2030,,34,34,Percent,Electricity ,All technologies,34,,https://www.ren21.net/wp-content/uploads/2019/05/GSR2022_Full_Report.pdf,1,
CIV,Cote d'Ivoire,Cote d'Ivoire,Sub-Saharan Africa,Lower middle income,2023,2023,2030,2030,,16,16,Percent,Final energy,All technologies,16,,https://www.ren21.net/wp-content/uploads/2019/05/GSR2024_GlobalOverview_Full_Report_with_endnotes_web.pdf,1,Dou
CIV,Cote d'Ivoire,Cote d'Ivoire,Sub-Saharan Africa,Lower middle income,2011,2011,2013,2030,,3,3,Percent,Primary energy,All technologies,,,https://www.ren21.net/wp-content/uploads/2019/05/GSR2012_Full-Report_English.pdf,,Dou
CIV,Cote d'Ivoire,Cote d'Ivoire,Sub-Saharan Africa,Lower middle income,2011,2011,2015,2030,,5,5,Percent,Primary energy,All technologies,,,https://www.ren21.net/wp-content/uploads/2019/05/GSR2012_Full-Report_English.pdf,,Dou
CIV,Cote d'Ivoire,Cote d'Ivoire,Sub-Saharan Africa,Lower middle income,2021,2011,2030,2030,,20,20,Percent,Primary energy,All technologies,,,https://www.ren21.net/wp-content/uploads/2019/05/GSR2022_Full_Report.pdf,,Dou
HRV,Croatia,Croatia,Europe & Central Asia,High income,2012,2012,2020,2030,,35,35,Percent,Electricity ,All technologies,35,,https://www.ren21.net/wp-content/uploads/2019/05/GSR2013_Full-Report_English.pdf,1,Poon
HRV,Croatia,Croatia,Europe & Central Asia,High income,2014,2012,2020,2030,,39,39,Percent,Electricity ,All technologies,39,,https://www.ren21.net/Portals/0/documents/activities/gsr/REN21_GSR_2010_full_revised%20Sept2010.pdf,1,
HRV,Croatia,Croatia,Europe & Central Asia,High income,2019,2012,2030,2030,,79,79,Percent,Electricity ,All technologies ,79,,https://ember-energy.org/data/live-eu-necp-tracker/#data-tool,1,Poon
HRV,Croatia,Croatia,Europe & Central Asia,High income,2023,2012,2030,2030,,78,78,Percent,Electricity ,All technologies ,78,,https://ember-energy.org/data/live-eu-necp-tracker/#data-tool,1,Poon
HRV,Croatia,Croatia,Europe & Central Asia,High income,2012,2012,2020,2050,,20,20,Percent,Final energy,All technologies,20,,https://www.ren21.net/wp-content/uploads/2019/05/GSR2013_Full-Report_English.pdf,1,Dou
HRV,Croatia,Croatia,Europe & Central Asia,High income,2019,2012,2030,2050,,36,36,Percent,Final energy,All technologies,36,,https://www.ren21.net/wp-content/uploads/2019/05/gsr_2020_full_report_en.pdf,1,Dou
HRV,Croatia,Croatia,Europe & Central Asia,High income,2020,2012,2050,2050,,66,66,Percent,Final energy,All technologies,66,,https://www.ren21.net/wp-content/uploads/2019/05/GSR2021_Full_Report.pdf,1,Dou
HRV,Croatia,Croatia,Europe & Central Asia,High income,2021,2021,2030,2050,,36,36,Percent,Primary energy,All technologies,,,https://www.ren21.net/wp-content/uploads/2019/05/GSR2022_Full_Report.pdf,,Dou
HRV,Croatia,Croatia,Europe & Central Asia,High income,2021,2021,2050,2050,,66,66,Percent,Primary energy,All technologies,,,https://www.ren21.net/wp-content/uploads/2019/05/GSR2022_Full_Report.pdf,,Dou
CUB,Cuba,Cuba,Latin America & Caribbean,Upper middle income,2014,2014,2030,2035,,24,24,Percent,Electricity ,All technologies,24,,https://www.ren21.net/wp-content/uploads/2019/05/GSR2015_Full-Report_English.pdf,1,
CUB,Cuba,Cuba,Latin America & Caribbean,Upper middle income,2025,2014,2035,2035,,26,26,Percent,Electricity ,All technologies,26,,https://unfccc.int/sites/default/files/2025-02/REPUBLICA%20DE%20CUBA%20CND3.0.pdf,1,Poon
CUB,Cuba,Cuba,Latin America & Caribbean,Upper middle income,2023,2023,2030,2030,,24,24,Percent,Final energy,All technologies,24,,https://www.ren21.net/wp-content/uploads/2019/05/GSR2024_GlobalOverview_Full_Report_with_endnotes_web.pdf,1,Dou
CUB,Cuba,Cuba,Latin America & Caribbean,Upper middle income,2021,2021,2030,2030,,24,24,Percent,Primary energy,All technologies,,,https://www.ren21.net/wp-content/uploads/2019/05/GSR2022_Full_Report.pdf,,Dou
CYP,Cyprus,Cyprus,Europe & Central Asia,High income,2006,2006,2010,2030,,6,6,Percent,Electricity ,All technologies,6,,https://www.ren21.net/wp-content/uploads/2019/05/GSR2006_Full-Report_English.pdf,1,
CYP,Cyprus,Cyprus,Europe & Central Asia,High income,2013,2006,2020,2030,,16,16,Percent,Electricity ,All technologies,16,,https://www.ren21.net/wp-content/uploads/2019/05/GSR2014_Full-Report_English.pdf,1,
CYP,Cyprus,Cyprus,Europe & Central Asia,High income,2019,2006,2030,2030,,30,30,Percent,Electricity ,All technologies ,30,,https://ember-energy.org/data/live-eu-necp-tracker/#data-tool,1,Poon
CYP,Cyprus,Cyprus,Europe & Central Asia,High income,2023,2006,2030,2030,,38,38,Percent,Electricity ,All technologies ,38,,https://ember-energy.org/data/live-eu-necp-tracker/#data-tool,1,Poon
CYP,Cyprus,Cyprus,Europe & Central Asia,High income,2009,2009,2020,2030,,13,13,Percent,Final energy,All technologies,13,,https://www.ren21.net/wp-content/uploads/2019/05/GSR2010_Full-Report_English.pdf,1,Dou
CYP,Cyprus,Cyprus,Europe & Central Asia,High income,2020,2009,2030,2030,,23,23,Percent,Final energy,All technologies,23,,https://www.ren21.net/wp-content/uploads/2019/05/GSR2021_Full_Report.pdf,1,Dou
CYP,Cyprus,Cyprus,Europe & Central Asia,High income,2009,2009,2010,2030,,9,9,Percent,Primary energy,All technologies,,,https://www.ren21.net/wp-content/uploads/2019/05/GSR2010_Full-Report_English.pdf,,Dou
CYP,Cyprus,Cyprus,Europe & Central Asia,High income,2021,2009,2030,2030,,23,23,Percent,Primary energy,All technologies,,,https://www.ren21.net/wp-content/uploads/2019/05/GSR2022_Full_Report.pdf,,Dou
CZE,Czechia ,Czechia ,Europe & Central Asia,High income,2004,2004,2010,2030,,8,8,Percent,Electricity ,All technologies ,8,,https://www.ren21.net/wp-content/uploads/2019/05/GSR2005_Full-Report_English.pdf,1,
CZE,Czechia ,Czechia ,Europe & Central Asia,High income,2004,2004,2030,2030,,17,17,Percent,Electricity ,All technologies ,17,,https://www.ren21.net/wp-content/uploads/2019/05/GSR2005_Full-Report_English.pdf,1,Poon
CZE,Czechia ,Czechia ,Europe & Central Asia,High income,2013,2004,2020,2030,,14,14,Percent,Electricity ,All technologies ,14,,https://www.ren21.net/wp-content/uploads/2019/05/GSR2014_Full-Report_English.pdf,1,
CZE,Czechia ,Czechia ,Europe & Central Asia,High income,2019,2004,2030,2030,,52,52,Percent,Electricity ,All technologies ,52,,https://ember-energy.org/data/live-eu-necp-tracker/#data-tool,1,Poon
CZE,Czechia ,Czechia ,Europe & Central Asia,High income,2023,2004,2030,2030,,75,75,Percent,Electricity ,All technologies ,75,,https://ember-energy.org/data/live-eu-necp-tracker/#data-tool,1,Poon
CZE,Czechia ,Czechia ,Europe & Central Asia,High income,2006,2006,2020,2030,,6,6,Percent,Final energy,All technologies,6,,https://www.ren21.net/wp-content/uploads/2019/05/GSR2007_Full-Report_English.pdf,1,Dou
CZE,Czechia ,Czechia ,Europe & Central Asia,High income,2009,2006,2020,2030,,13,13,Percent,Final energy,All technologies,13,,https://www.ren21.net/wp-content/uploads/2019/05/GSR2010_Full-Report_English.pdf,1,Dou
CZE,Czechia ,Czechia ,Europe & Central Asia,High income,2011,2006,2020,2030,,14,14,Percent,Final energy,All technologies,14,,https://www.ren21.net/wp-content/uploads/2019/05/GSR2012_Full-Report_English.pdf,1,Dou
CZE,Czechia ,Czechia ,Europe & Central Asia,High income,2020,2006,2030,2030,,22,22,Percent,Final energy,All technologies,22,,https://www.ren21.net/wp-content/uploads/2019/05/GSR2021_Full_Report.pdf,1,Dou
CZE,Czechia ,Czechia ,Europe & Central Asia,High income,2004,2004,2010,2030,,6,6,Percent,Primary energy,All technologies,,,https://www.ren21.net/wp-content/uploads/2019/05/GSR2005_Full-Report_English.pdf,,Dou
CZE,Czechia ,Czechia ,Europe & Central Asia,High income,2006,2004,2020,2030,,9,9,Percent,Primary energy,All technologies,,,https://www.ren21.net/wp-content/uploads/2019/05/GSR2007_Full-Report_English.pdf,,Dou
CZE,Czechia ,Czechia ,Europe & Central Asia,High income,2021,2004,2030,2030,,22,22,Percent,Primary energy,All technologies,,,https://www.ren21.net/wp-content/uploads/2019/05/GSR2022_Full_Report.pdf,,Dou
DNK,Denmark,Denmark,Europe & Central Asia,High income,2001,2001,2010,2050,,29,29,Percent,Electricity ,All technologies,29,,https://eur-lex.europa.eu/legal-content/EN/TXT/PDF/?uri=CELEX:32001L0077&from=EN,1,
DNK,Denmark,Denmark,Europe & Central Asia,High income,2011,2001,2020,2050,,50,50,Percent,Electricity ,All technologies ,50,,https://www.ren21.net/Portals/0/documents/activities/gsr/GSR2012.pdf,1,
DNK,Denmark,Denmark,Europe & Central Asia,High income,2011,2001,2050,2050,,100,100,Percent,Electricity ,All technologies ,100,,https://www.ren21.net/Portals/0/documents/activities/gsr/GSR2012.pdf,1,
DNK,Denmark,Denmark,Europe & Central Asia,High income,2019,2001,2030,2050,,98,98,Percent,Electricity ,All technologies ,98,,https://ember-energy.org/data/live-eu-necp-tracker/#data-tool,1,Poon
DNK,Denmark,Denmark,Europe & Central Asia,High income,2023,2001,2030,2050,,99,99,Percent,Electricity ,All technologies ,99,,https://ember-energy.org/data/live-eu-necp-tracker/#data-tool,1,Poon
DNK,Denmark,Denmark,Europe & Central Asia,High income,2006,2006,2020,2050,,30,30,Percent,Final energy,All technologies,30,,https://www.ren21.net/wp-content/uploads/2019/05/GSR2007_Full-Report_English.pdf,1,Dou
DNK,Denmark,Denmark,Europe & Central Asia,High income,2010,2006,2011,2050,,20,20,Percent,Final energy,All technologies,20,,https://www.ren21.net/wp-content/uploads/2019/05/GSR2011_Full-Report_English.pdf,1,Dou
DNK,Denmark,Denmark,Europe & Central Asia,High income,2011,2006,2020,2050,,35,35,Percent,Final energy,All technologies,35,,https://www.ren21.net/wp-content/uploads/2019/05/GSR2012_Full-Report_English.pdf,1,Dou
DNK,Denmark,Denmark,Europe & Central Asia,High income,2011,2006,2050,2050,,100,100,Percent,Final energy,All technologies,100,,https://www.ren21.net/wp-content/uploads/2019/05/GSR2012_Full-Report_English.pdf,1,Dou
DNK,Denmark,Denmark,Europe & Central Asia,High income,2020,2006,2030,2050,,50,50,Percent,Final energy,All technologies,50,,https://www.ren21.net/wp-content/uploads/2019/05/GSR2021_Full_Report.pdf,1,Dou
DNK,Denmark,Denmark,Europe & Central Asia,High income,2023,2006,2030,2050,,55,55,Percent,Final energy,All technologies,55,,https://www.ren21.net/wp-content/uploads/2019/05/GSR2024_GlobalOverview_Full_Report_with_endnotes_web.pdf,1,Dou
DNK,Denmark,Denmark,Europe & Central Asia,High income,2006,2006,2025,2050,,30,30,Percent,Primary energy,All technologies,,,https://www.ren21.net/wp-content/uploads/2019/05/GSR2007_Full-Report_English.pdf,,Dou
DNK,Denmark,Denmark,Europe & Central Asia,High income,2009,2006,2011,2050,,20,20,Percent,Primary energy,All technologies,,,https://www.ren21.net/wp-content/uploads/2019/05/GSR2010_Full-Report_English.pdf,,Dou
DNK,Denmark,Denmark,Europe & Central Asia,High income,2021,2006,2030,2050,,50,50,Percent,Primary energy,All technologies,,,https://www.ren21.net/wp-content/uploads/2019/05/GSR2022_Full_Report.pdf,,Dou
DNK,Denmark,Denmark,Europe & Central Asia,High income,2021,2006,2050,2050,,100,100,Percent,Primary energy,All technologies,,,https://www.ren21.net/wp-content/uploads/2019/05/GSR2022_Full_Report.pdf,,Dou
DJI,Djibouti,Djibouti,Middle East & North Africa,Lower middle income,2011,2011,2017,2035,,30,30,Percent,Electricity ,All technologies,30,,https://www.ren21.net/wp-content/uploads/2019/05/GSR2012_Full-Report_English.pdf,1,
DJI,Djibouti,Djibouti,Middle East & North Africa,Lower middle income,2013,2011,2020,2035,,100,100,Percent,Electricity ,All technologies,100,,https://www.ren21.net/wp-content/uploads/2019/05/GSR2014_Full-Report_English.pdf,1,
DJI,Djibouti,Djibouti,Middle East & North Africa,Lower middle income,2015,2011,2035,2035,,35,35,Percent,Electricity ,All technologies,35,,https://www.ren21.net/wp-content/uploads/2019/05/REN21_GSR2016_FullReport_en_11.pdf,1,
DJI,Djibouti,Djibouti,Middle East & North Africa,Lower middle income,2012,2012,2020,2020,,100,100,Percent,Final energy,All technologies,100,,https://www.ren21.net/wp-content/uploads/2019/05/GSR2013_Full-Report_English.pdf,1,Dou
DJI,Djibouti,Djibouti,Middle East & North Africa,Lower middle income,2017,2017,2035,2035,,17,17,Percent,Primary energy,All technologies,,,https://www.ren21.net/wp-content/uploads/2019/08/Full-Report-2018.pdf,,Dou
DMA,Dominica,Dominica,Latin America & Caribbean,Upper middle income,2012,2012,NA,NA,,100,100,Percent,Electricity ,All technologies,100,,https://www.ren21.net/wp-content/uploads/2019/05/GSR2013_Full-Report_English.pdf,1,
DOM,Dominican Republic,Dominican Rep,Latin America & Caribbean,Upper middle income,2009,2009,2015,2050,,10,10,Percent,Electricity ,All technologies,10,,https://www.ren21.net/Portals/0/documents/activities/gsr/REN21_GSR_2010_full_revised%20Sept2010.pdf,1,
DOM,Dominican Republic,Dominican Rep,Latin America & Caribbean,Upper middle income,2009,2009,2025,2050,,25,25,Percent,Electricity ,All technologies,25,,https://www.ren21.net/Portals/0/documents/activities/gsr/REN21_GSR_2010_full_revised%20Sept2010.pdf,1,
DOM,Dominican Republic,Dominican Rep,Latin America & Caribbean,Upper middle income,2010,2009,2020,2050,,25,25,Percent,Electricity ,All technologies,25,,https://www.ren21.net/wp-content/uploads/2019/05/GSR2011_Full-Report_English.pdf,1,
DOM,Dominican Republic,Dominican Rep,Latin America & Caribbean,Upper middle income,2016,2009,2050,2050,,100,100,Percent,Electricity ,All technologies,100,,https://www.ren21.net/wp-content/uploads/2019/05/GSR2017_Full-Report_English.pdf,1,
DOM,Dominican Republic,Dominican Rep,Latin America & Caribbean,Upper middle income,2018,2009,2030,2050,,70,70,Percent,Electricity ,All technologies,70,,https://www.ren21.net/wp-content/uploads/2019/05/gsr_2020_full_report_en.pdf,1,
DOM,Dominican Republic,Dominican Rep,Latin America & Caribbean,Upper middle income,2022,2009,2030,2050,,100,100,Percent,Electricity ,All technologies,100,,https://www.ren21.net/wp-content/uploads/2019/05/GSR-2023_Energy-Supply-Module.pdf,1,
DOM,Dominican Republic,Dominican Rep,Latin America & Caribbean,Upper middle income,2012,2012,2025,2050,,25,25,Percent,Final energy,All technologies,25,,https://www.ren21.net/wp-content/uploads/2019/05/GSR2013_Full-Report_English.pdf,1,Dou
DOM,Dominican Republic,Dominican Rep,Latin America & Caribbean,Upper middle income,2020,2012,2050,2050,,100,100,Percent,Final energy,All technologies,100,,https://www.ren21.net/wp-content/uploads/2019/05/GSR2021_Full_Report.pdf,1,Dou
DOM,Dominican Republic,Dominican Rep,Latin America & Caribbean,Upper middle income,2023,2012,2030,2050,,27,27,Percent,Final energy,All technologies,27,,https://www.ren21.net/wp-content/uploads/2019/05/GSR2024_GlobalOverview_Full_Report_with_endnotes_web.pdf,1,Dou
DOM,Dominican Republic,Dominican Rep,Latin America & Caribbean,Upper middle income,2021,2021,2050,2050,,100,100,Percent,Primary energy,All technologies,,,https://www.ren21.net/wp-content/uploads/2019/05/GSR2022_Full_Report.pdf,,Dou
ECU,Ecuador,Ecuador,Latin America & Caribbean,Upper middle income,2014,2014,2017,2030,,85,85,Percent,Electricity ,All technologies,85,,https://www.ren21.net/wp-content/uploads/2019/05/GSR2015_Full-Report_English.pdf,1,
ECU,Ecuador,Ecuador,Latin America & Caribbean,Upper middle income,2016,2014,2017,2030,,90,90,Percent,Electricity ,All technologies,90,,https://www.ren21.net/wp-content/uploads/2019/05/GSR2017_Full-Report_English.pdf,1,
ECU,Ecuador,Ecuador,Latin America & Caribbean,Upper middle income,2021,2014,2030,2030,,100,100,Percent,Electricity ,All technologies,100,,https://www.ren21.net/wp-content/uploads/2019/05/GSR2022_Full_Report.pdf,1,
EGY,Egypt,Egypt,Middle East & North Africa,Lower middle income,2005,2005,2010,2035,,3,3,Percent,Electricity ,All technologies,3,,https://www.ren21.net/wp-content/uploads/2019/05/GSR2005_Full-Report_English.pdf,1,
EGY,Egypt,Egypt,Middle East & North Africa,Lower middle income,2005,2005,2020,2035,,14,14,Percent,Electricity ,All technologies,14,,https://www.ren21.net/wp-content/uploads/2019/05/GSR2005_Full-Report_English.pdf,1,
EGY,Egypt,Egypt,Middle East & North Africa,Lower middle income,2007,2005,2020,2035,,20,20,Percent,Electricity ,All technologies,20,,https://www.ren21.net/Portals/0/documents/activities/gsr/RE2007_Global_Status_Report.pdf,1,
EGY,Egypt,Egypt,Middle East & North Africa,Lower middle income,2016,2005,2022,2035,,20,20,Percent,Electricity ,All technologies,20,,https://www.ren21.net/wp-content/uploads/2019/05/GSR2017_Full-Report_English.pdf,1,
EGY,Egypt,Egypt,Middle East & North Africa,Lower middle income,2021,2005,2030,2035,,42,42,Percent,Electricity ,All technologies,42,,https://www.ren21.net/wp-content/uploads/2019/05/GSR2022_Full_Report.pdf,1,
EGY,Egypt,Egypt,Middle East & North Africa,Lower middle income,2022,2005,2035,2035,,42,42,Percent,Electricity ,All technologies,42,,https://www.ren21.net/wp-content/uploads/2019/05/GSR2023_GlobalOverview_Full_Report_with_endnotes_web.pdf,1,
EGY,Egypt,Egypt,Middle East & North Africa,Lower middle income,2011,2011,2020,2020,,20,20,Percent,Final energy,All technologies,20,,https://www.ren21.net/wp-content/uploads/2019/05/GSR2012_Full-Report_English.pdf,1,Dou
EGY,Egypt,Egypt,Middle East & North Africa,Lower middle income,2019,2011,2020,2020,,25,25,Percent,Final energy,All technologies,25,,https://www.ren21.net/wp-content/uploads/2019/05/gsr_2020_full_report_en.pdf,1,Dou
EGY,Egypt,Egypt,Middle East & North Africa,Lower middle income,2006,2006,2020,2030,,14,14,Percent,Primary energy,All technologies,,,https://www.ren21.net/wp-content/uploads/2019/05/GSR2007_Full-Report_English.pdf,,Dou
EGY,Egypt,Egypt,Middle East & North Africa,Lower middle income,2020,2006,2030,2030,,12,12,Percent,Primary energy,All technologies,,,https://www.ren21.net/wp-content/uploads/2019/05/GSR2021_Full_Report.pdf,,Dou
SLV,El Salvador,El Salvador,Latin America & Caribbean,Upper middle income,2021,2021,2025,2030,,84,84,Percent,Electricity ,All technologies,84,,https://www.ren21.net/wp-content/uploads/2019/05/GSR2022_Full_Report.pdf,1,
SLV,El Salvador,El Salvador,Latin America & Caribbean,Upper middle income,2021,2021,2030,2030,,86,86,Percent,Electricity ,All technologies,86,,https://www.ren21.net/wp-content/uploads/2019/05/GSR2022_Full_Report.pdf,1,
SLV,El Salvador,El Salvador,Latin America & Caribbean,Upper middle income,2021,2021,2025,2030,,58,58,Percent,Primary energy,All technologies,,,https://www.ren21.net/wp-content/uploads/2019/05/GSR2022_Full_Report.pdf,,Dou
SLV,El Salvador,El Salvador,Latin America & Caribbean,Upper middle income,2021,2021,2030,2030,,64,64,Percent,Primary energy,All technologies,,,https://www.ren21.net/wp-content/uploads/2019/05/GSR2022_Full_Report.pdf,,Dou
ERI,Eritrea,Eritrea,Sub-Saharan Africa,Low income,2011,2011,NA,2030,,50,50,Percent,Electricity ,All technologies,50,,https://www.ren21.net/Portals/0/documents/activities/gsr/GSR2012.pdf,1,
ERI,Eritrea,Eritrea,Sub-Saharan Africa,Low income,2015,2011,2030,2030,,70,70,Percent,Electricity ,All technologies,70,,https://www.ren21.net/wp-content/uploads/2019/05/REN21_GSR2016_FullReport_en_11.pdf,1,
EST,Estonia,Estonia,Europe & Central Asia,High income,2004,2004,2010,2030,,5,5,Percent,Electricity ,All technologies ,5,,https://www.sciencedirect.com/science/article/pii/S1364032105000535,1,
EST,Estonia,Estonia,Europe & Central Asia,High income,2010,2004,2015,2030,,8,8,Percent,Electricity ,All technologies ,8,,https://www.ren21.net/wp-content/uploads/2019/05/GSR2011_Full-Report_English.pdf,1,
EST,Estonia,Estonia,Europe & Central Asia,High income,2011,2004,2015,2030,,18,18,Percent,Electricity ,All technologies ,18,,https://www.ren21.net/Portals/0/documents/activities/gsr/GSR2012.pdf,1,
EST,Estonia,Estonia,Europe & Central Asia,High income,2016,2004,2020,2030,,18,18,Percent,Electricity ,All technologies ,18,,https://www.ren21.net/wp-content/uploads/2019/05/GSR2017_Full-Report_English.pdf,1,
EST,Estonia,Estonia,Europe & Central Asia,High income,2019,2004,2030,2030,,60,60,Percent,Electricity ,All technologies ,60,,https://ember-energy.org/data/live-eu-necp-tracker/#data-tool,1,Poon
EST,Estonia,Estonia,Europe & Central Asia,High income,2023,2004,2030,2030,,100,100,Percent,Electricity ,All technologies ,100,,https://ember-energy.org/data/live-eu-necp-tracker/#data-tool,1,Poon
EST,Estonia,Estonia,Europe & Central Asia,High income,2009,2009,2020,2030,,25,25,Percent,Final energy,All technologies,25,,https://www.ren21.net/wp-content/uploads/2019/05/GSR2010_Full-Report_English.pdf,1,Dou
EST,Estonia,Estonia,Europe & Central Asia,High income,2020,2009,2030,2030,,42,42,Percent,Final energy,All technologies,42,,https://www.ren21.net/wp-content/uploads/2019/05/GSR2021_Full_Report.pdf,1,Dou
EST,Estonia,Estonia,Europe & Central Asia,High income,2023,2009,2030,2030,,65,65,Percent,Final energy,All technologies,65,,https://www.ren21.net/wp-content/uploads/2019/05/GSR2024_GlobalOverview_Full_Report_with_endnotes_web.pdf,1,Dou
EST,Estonia,Estonia,Europe & Central Asia,High income,2020,2020,2030,2030,,28,28,Percent,Primary energy,All technologies,,,https://www.ren21.net/wp-content/uploads/2019/05/GSR2021_Full_Report.pdf,,Dou
EST,Estonia,Estonia,Europe & Central Asia,High income,2021,2020,2030,2030,,42,42,Percent,Primary energy,All technologies,,,https://www.ren21.net/wp-content/uploads/2019/05/GSR2022_Full_Report.pdf,,Dou
SWZ,Eswatini,Eswatini,Sub-Saharan Africa,Lower middle income,2020,2020,2030,2030,,32,32,Percent,Electricity ,All technologies,32,,https://www.ren21.net/wp-content/uploads/2019/05/GSR2021_Full_Report.pdf,1,Poon
SWZ,Eswatini,Eswatini,Sub-Saharan Africa,Lower middle income,2021,2020,2030,2030,,50,50,Percent,Electricity ,All technologies,50,,https://www.ren21.net/wp-content/uploads/2019/05/GSR2022_Full_Report.pdf,1,
ETH,Ethiopia,Ethiopia,Sub-Saharan Africa,Low income,2016,2016,2050,2050,,100,100,Percent,Electricity ,All technologies,100,,https://www.ren21.net/wp-content/uploads/2019/05/GSR2017_Full-Report_English.pdf,1,
ETH,Ethiopia,Ethiopia,Sub-Saharan Africa,Low income,2020,2016,2030,2050,,32,32,Percent,Electricity ,All technologies,32,,https://www.ren21.net/wp-content/uploads/2019/05/GSR2021_Full_Report.pdf,1,Poon
ETH,Ethiopia,Ethiopia,Sub-Saharan Africa,Low income,2020,2020,2030,2030,,32,32,Percent,Final energy,All technologies,32,,https://www.ren21.net/wp-content/uploads/2019/05/GSR2021_Full_Report.pdf,1,Dou
ETH,Ethiopia,Ethiopia,Sub-Saharan Africa,Low income,2021,2021,2030,2030,,32,32,Percent,Primary energy,All technologies,,,https://www.ren21.net/wp-content/uploads/2019/05/GSR2022_Full_Report.pdf,,Dou
FJI,Fiji,Fiji,East Asia & Pacific,Upper middle income,2012,2012,2015,2030,,90,90,Percent,Electricity ,All technologies,90,,https://www.ren21.net/wp-content/uploads/2019/05/GSR2013_Full-Report_English.pdf,1,
FJI,Fiji,Fiji,East Asia & Pacific,Upper middle income,2013,2012,2030,2030,,100,100,Percent,Electricity ,All technologies,100,,https://www.ren21.net/wp-content/uploads/2019/05/GSR2014_Full-Report_English.pdf,1,
FJI,Fiji,Fiji,East Asia & Pacific,Upper middle income,2020,2012,2020,2030,,81,81,Percent,Electricity ,All technologies,81,,https://www.ren21.net/wp-content/uploads/2019/05/GSR2021_Full_Report.pdf,1,Poon
FJI,Fiji,Fiji,East Asia & Pacific,Upper middle income,2009,2009,2013,2036,,100,100,Percent,Final energy,All technologies,100,,https://www.ren21.net/wp-content/uploads/2019/05/GSR2010_Full-Report_English.pdf,1,Dou
FJI,Fiji,Fiji,East Asia & Pacific,Upper middle income,2013,2009,2030,2036,,23,23,Percent,Final energy,All technologies,23,,https://www.ren21.net/wp-content/uploads/2019/05/GSR2014_Full-Report_English.pdf,1,Dou
FJI,Fiji,Fiji,East Asia & Pacific,Upper middle income,2020,2009,2036,2036,,100,100,Percent,Final energy,All technologies,100,,https://www.ren21.net/wp-content/uploads/2019/05/GSR2021_Full_Report.pdf,1,Dou
FJI,Fiji,Fiji,East Asia & Pacific,Upper middle income,2023,2009,2030,2036,,100,100,Percent,Final energy,All technologies,100,,https://www.ren21.net/wp-content/uploads/2019/05/GSR2024_GlobalOverview_Full_Report_with_endnotes_web.pdf,1,Dou
FJI,Fiji,Fiji,East Asia & Pacific,Upper middle income,2021,2021,2036,2036,,100,100,Percent,Primary energy,All technologies,,,https://www.ren21.net/wp-content/uploads/2019/05/GSR2022_Full_Report.pdf,,Dou
FIN,Finland,Finland,Europe & Central Asia,High income,2001,2001,2010,2030,,32,32,Percent,Electricity ,All technologies ,32,,https://eur-lex.europa.eu/legal-content/EN/TXT/PDF/?uri=CELEX:32001L0077&from=EN,1,
FIN,Finland,Finland,Europe & Central Asia,High income,2013,2001,2020,2030,,33,33,Percent,Electricity ,All technologies ,33,,https://www.ren21.net/wp-content/uploads/2019/05/GSR2014_Full-Report_English.pdf,1,Poon
FIN,Finland,Finland,Europe & Central Asia,High income,2019,2001,2030,2030,,93,93,Percent,Electricity ,All technologies ,93,,https://ember-energy.org/data/live-eu-necp-tracker/#data-tool,1,Poon
FIN,Finland,Finland,Europe & Central Asia,High income,2023,2001,2030,2030,,97,97,Percent,Electricity ,All technologies ,97,,https://ember-energy.org/data/live-eu-necp-tracker/#data-tool,1,Poon
FIN,Finland,Finland,Europe & Central Asia,High income,2009,2009,2020,2030,,38,38,Percent,Final energy,All technologies,38,,https://www.ren21.net/wp-content/uploads/2019/05/GSR2010_Full-Report_English.pdf,1,Dou
FIN,Finland,Finland,Europe & Central Asia,High income,2012,2009,2015,2030,,25,25,Percent,Final energy,All technologies,25,,https://www.ren21.net/wp-content/uploads/2019/05/GSR2013_Full-Report_English.pdf,1,Dou
FIN,Finland,Finland,Europe & Central Asia,High income,2012,2009,2025,2030,,40,40,Percent,Final energy,All technologies,40,,https://www.ren21.net/wp-content/uploads/2019/05/GSR2013_Full-Report_English.pdf,1,Dou
FIN,Finland,Finland,Europe & Central Asia,High income,2020,2009,2025,2030,,44,44,Percent,Final energy,All technologies,44,,https://www.ren21.net/wp-content/uploads/2019/05/GSR2021_Full_Report.pdf,1,Dou
FIN,Finland,Finland,Europe & Central Asia,High income,2020,2009,2030,2030,,51,51,Percent,Final energy,All technologies,51,,https://www.ren21.net/wp-content/uploads/2019/05/GSR2021_Full_Report.pdf,1,Dou
FIN,Finland,Finland,Europe & Central Asia,High income,2023,2009,2030,2030,,50,50,Percent,Final energy,All technologies,50,,https://www.ren21.net/wp-content/uploads/2019/05/GSR2024_GlobalOverview_Full_Report_with_endnotes_web.pdf,1,Dou
FIN,Finland,Finland,Europe & Central Asia,High income,2021,2021,2022,2030,,41,41,Percent,Primary energy,All technologies,,,https://www.ren21.net/wp-content/uploads/2019/05/GSR2022_Full_Report.pdf,,Dou
FIN,Finland,Finland,Europe & Central Asia,High income,2021,2021,2025,2030,,44,44,Percent,Primary energy,All technologies,,,https://www.ren21.net/wp-content/uploads/2019/05/GSR2022_Full_Report.pdf,,Dou
FIN,Finland,Finland,Europe & Central Asia,High income,2021,2021,2027,2030,,47,47,Percent,Primary energy,All technologies,,,https://www.ren21.net/wp-content/uploads/2019/05/GSR2022_Full_Report.pdf,,Dou
FIN,Finland,Finland,Europe & Central Asia,High income,2021,2021,2030,2030,,51,51,Percent,Primary energy,All technologies,,,https://www.ren21.net/wp-content/uploads/2019/05/GSR2022_Full_Report.pdf,,Dou
FIN,Finland,Finland,Europe & Central Asia,High income,2021,2021,NA,2030,,50,50,Percent,Primary energy,All technologies,,,https://www.ren21.net/wp-content/uploads/2019/05/GSR2022_Full_Report.pdf,,Dou
FRA,France,France,Europe & Central Asia,High income,2001,2001,2010,2030,,21,21,Percent,Electricity ,All technologies ,21,,https://eur-lex.europa.eu/legal-content/EN/TXT/PDF/?uri=CELEX:32001L0077&from=EN,1,
FRA,France,France,Europe & Central Asia,High income,2011,2001,2020,2030,,27,27,Percent,Electricity ,All technologies ,27,,https://www.ren21.net/Portals/0/documents/activities/gsr/GSR2012.pdf,1,
FRA,France,France,Europe & Central Asia,High income,2015,2001,2030,2030,,40,40,Percent,Electricity ,All technologies ,40,,https://www.ren21.net/wp-content/uploads/2019/05/REN21_GSR2016_FullReport_en_11.pdf,1,
FRA,France,France,Europe & Central Asia,High income,2019,2001,2030,2030,,95,95,Percent,Electricity ,All technologies ,95,,https://ember-energy.org/data/live-eu-necp-tracker/#data-tool,1,Poon
FRA,France,France,Europe & Central Asia,High income,2023,2001,2030,2030,,96,96,Percent,Electricity ,All technologies ,96,,https://ember-energy.org/data/live-eu-necp-tracker/#data-tool,1,Poon
FRA,France,France,Europe & Central Asia,High income,2006,2006,2020,2030,,10,10,Percent,Final energy,All technologies,10,,https://www.ren21.net/wp-content/uploads/2019/05/GSR2007_Full-Report_English.pdf,1,Dou
FRA,France,France,Europe & Central Asia,High income,2010,2006,2020,2030,,23,23,Percent,Final energy,All technologies,23,,https://www.ren21.net/wp-content/uploads/2019/05/GSR2011_Full-Report_English.pdf,1,Dou
FRA,France,France,Europe & Central Asia,High income,2011,2006,2020,2030,,27,27,Percent,Final energy,All technologies,27,,https://www.ren21.net/wp-content/uploads/2019/05/GSR2012_Full-Report_English.pdf,1,Dou
FRA,France,France,Europe & Central Asia,High income,2014,2006,2030,2030,,32,32,Percent,Final energy,All technologies,32,,https://www.ren21.net/wp-content/uploads/2019/05/GSR2015_Full-Report_English.pdf,1,Dou
FRA,France,France,Europe & Central Asia,High income,2023,2006,2030,2030,,33,33,Percent,Final energy,All technologies,33,,https://www.ren21.net/wp-content/uploads/2019/05/GSR2024_GlobalOverview_Full_Report_with_endnotes_web.pdf,1,Dou
FRA,France,France,Europe & Central Asia,High income,2005,2005,2010,2030,,7,7,Percent,Primary energy,All technologies,,,https://www.ren21.net/wp-content/uploads/2019/05/GSR2006_Full-Report_English.pdf,,Dou
FRA,France,France,Europe & Central Asia,High income,2005,2005,2015,2030,,10,10,Percent,Primary energy,All technologies,,,https://www.ren21.net/wp-content/uploads/2019/05/GSR2006_Full-Report_English.pdf,,Dou
FRA,France,France,Europe & Central Asia,High income,2021,2005,2030,2030,,32,32,Percent,Primary energy,All technologies,,,https://www.ren21.net/wp-content/uploads/2019/05/GSR2022_Full_Report.pdf,,Dou
GAB,Gabon,Gabon,Sub-Saharan Africa,Upper middle income,2011,2011,2020,2025,,70,70,Percent,Electricity ,All technologies,70,,https://www.ren21.net/Portals/0/documents/activities/gsr/GSR2012.pdf,1,Poon
GAB,Gabon,Gabon,Sub-Saharan Africa,Upper middle income,2015,2011,2025,2025,,80,80,Percent,Electricity ,All technologies,80,,https://www.ren21.net/wp-content/uploads/2019/05/REN21_GSR2016_FullReport_en_11.pdf,1,
GAB,Gabon,Gabon,Sub-Saharan Africa,Upper middle income,2020,2011,2020,2025,,80,80,Percent,Electricity ,All technologies,80,,https://www.ren21.net/wp-content/uploads/2019/05/GSR2021_Full_Report.pdf,1,Poon
GAB,Gabon,Gabon,Sub-Saharan Africa,Upper middle income,2010,2010,2020,2020,,80,80,Percent,Final energy,All technologies,80,,https://www.ren21.net/wp-content/uploads/2019/05/GSR2011_Full-Report_English.pdf,1,Dou
GMB,Gambia (Republic of The),Gambia,Sub-Saharan Africa,Low income,2014,2014,2020,2050,,35,35,Percent,Electricity ,All technologies,35,,https://www.ren21.net/wp-content/uploads/2019/05/GSR2015_Full-Report_English.pdf,1,Poon
GMB,Gambia (Republic of The),Gambia,Sub-Saharan Africa,Low income,2016,2014,2050,2050,,100,100,Percent,Electricity ,All technologies,100,,https://www.ren21.net/wp-content/uploads/2019/05/GSR2017_Full-Report_English.pdf,1,
GMB,Gambia (Republic of The),Gambia,Sub-Saharan Africa,Low income,2020,2014,2030,2050,,48,48,Percent,Electricity ,All technologies,48,Only grid-connected,https://www.ren21.net/wp-content/uploads/2019/05/GSR2021_Full_Report.pdf,1,
GMB,Gambia (Republic of The),Gambia,Sub-Saharan Africa,Low income,2020,2020,2050,2050,,100,100,Percent,Final energy,All technologies,100,,https://www.ren21.net/wp-content/uploads/2019/05/GSR2021_Full_Report.pdf,1,Dou
GMB,Gambia (Republic of The),Gambia,Sub-Saharan Africa,Low income,2023,2020,2025,2050,,40,40,Percent,Final energy,All technologies,40,,https://www.ren21.net/wp-content/uploads/2019/05/GSR2024_GlobalOverview_Full_Report_with_endnotes_web.pdf,1,Dou
GMB,Gambia (Republic of The),Gambia,Sub-Saharan Africa,Low income,2021,2021,2050,2050,,100,100,Percent,Primary energy,All technologies,,,https://www.ren21.net/wp-content/uploads/2019/05/GSR2022_Full_Report.pdf,,Dou
GEO,Georgia,Georgia,Europe & Central Asia,Upper middle income,2020,2020,2030,2030,,35,35,Percent,Final energy,All technologies,35,,https://www.ren21.net/wp-content/uploads/2019/05/GSR2021_Full_Report.pdf,1,Dou
GEO,Georgia,Georgia,Europe & Central Asia,Upper middle income,2023,2020,2030,2030,,27,27,Percent,Final energy,All technologies,27,,https://www.ren21.net/wp-content/uploads/2019/05/GSR2024_GlobalOverview_Full_Report_with_endnotes_web.pdf,1,Dou
GEO,Georgia,Georgia,Europe & Central Asia,Upper middle income,2021,2021,2030,2030,,35,35,Percent,Primary energy,All technologies,,,https://www.ren21.net/wp-content/uploads/2019/05/GSR2022_Full_Report.pdf,,Dou
DEU,Germany,Germany,Europe & Central Asia,High income,2004,2004,2010,2050,,13,13,Percent,Electricity ,All technologies ,13,,https://www.clearingstelle-eeg-kwkg.de/sites/default/files/node/8/EEG_2004_Englische_Version.pdf,1,
DEU,Germany,Germany,Europe & Central Asia,High income,2009,2004,2020,2050,,30,30,Percent,Electricity ,All technologies ,30,,https://www.ren21.net/wp-content/uploads/2019/05/GSR2010_Full-Report_English.pdf,1,Poon
DEU,Germany,Germany,Europe & Central Asia,High income,2009,2004,2030,2050,,50,50,Percent,Electricity ,All technologies ,50,,https://www.ren21.net/wp-content/uploads/2019/05/GSR2010_Full-Report_English.pdf,1,Poon
DEU,Germany,Germany,Europe & Central Asia,High income,2010,2004,2040,2050,,65,65,Percent,Electricity ,All technologies ,65,,https://www.ren21.net/wp-content/uploads/2019/05/GSR2011_Full-Report_English.pdf,1,Poon
DEU,Germany,Germany,Europe & Central Asia,High income,2010,2004,2050,2050,,80,80,Percent,Electricity ,All technologies ,80,,https://www.ren21.net/wp-content/uploads/2019/05/GSR2011_Full-Report_English.pdf,1,Poon
DEU,Germany,Germany,Europe & Central Asia,High income,2014,2004,2025,2050,40,45,43,Percent,Electricity ,All technologies ,43,,https://www.ren21.net/wp-content/uploads/2019/05/GSR2015_Full-Report_English.pdf,1,
DEU,Germany,Germany,Europe & Central Asia,High income,2014,2004,2035,2050,55,60,58,Percent,Electricity ,All technologies ,58,,https://www.ren21.net/wp-content/uploads/2019/05/GSR2015_Full-Report_English.pdf,1,
DEU,Germany,Germany,Europe & Central Asia,High income,2019,2004,2030,2050,,62,62,Percent,Electricity ,All technologies ,62,,https://ember-energy.org/data/live-eu-necp-tracker/#data-tool,1,Poon
DEU,Germany,Germany,Europe & Central Asia,High income,2006,2006,2020,2050,,18,18,Percent,Final energy,All technologies,18,,https://www.ren21.net/wp-content/uploads/2019/05/GSR2007_Full-Report_English.pdf,1,Dou
DEU,Germany,Germany,Europe & Central Asia,High income,2010,2006,2030,2050,,30,30,Percent,Final energy,All technologies,30,,https://www.ren21.net/wp-content/uploads/2019/05/GSR2011_Full-Report_English.pdf,1,Dou
DEU,Germany,Germany,Europe & Central Asia,High income,2010,2006,2040,2050,,45,45,Percent,Final energy,All technologies,45,,https://www.ren21.net/wp-content/uploads/2019/05/GSR2011_Full-Report_English.pdf,1,Dou
DEU,Germany,Germany,Europe & Central Asia,High income,2010,2006,2050,2050,,60,60,Percent,Final energy,All technologies,60,,https://www.ren21.net/wp-content/uploads/2019/05/GSR2011_Full-Report_English.pdf,1,Dou
DEU,Germany,Germany,Europe & Central Asia,High income,2004,2004,2010,2050,,4,4,Percent,Primary energy,All technologies,,,https://www.ren21.net/wp-content/uploads/2019/05/GSR2005_Full-Report_English.pdf,,Dou
DEU,Germany,Germany,Europe & Central Asia,High income,2009,2004,2020,2050,,18,18,Percent,Primary energy,All technologies,,,https://www.ren21.net/wp-content/uploads/2019/05/GSR2010_Full-Report_English.pdf,,Dou
DEU,Germany,Germany,Europe & Central Asia,High income,2009,2004,2050,2050,,50,50,Percent,Primary energy,All technologies,,,https://www.ren21.net/wp-content/uploads/2019/05/GSR2010_Full-Report_English.pdf,,Dou
DEU,Germany,Germany,Europe & Central Asia,High income,2021,2004,2030,2050,,80,80,Percent,Primary energy,All technologies,,,https://www.ren21.net/wp-content/uploads/2019/05/GSR2022_Full_Report.pdf,,Dou
GHA,Ghana,Ghana,Sub-Saharan Africa,Lower middle income,2009,2009,2020,2050,,10,10,Percent,Electricity ,All technologies,10,,https://www.ren21.net/Portals/0/documents/activities/gsr/REN21_GSR_2010_full_revised%20Sept2010.pdf,1,
GHA,Ghana,Ghana,Sub-Saharan Africa,Lower middle income,2016,2009,2050,2050,,100,100,Percent,Electricity ,All technologies,100,,https://www.ren21.net/wp-content/uploads/2019/05/GSR2017_Full-Report_English.pdf,1,
GHA,Ghana,Ghana,Sub-Saharan Africa,Lower middle income,2021,2009,2030,2050,,10,10,Percent,Electricity ,All technologies,10,,https://www.ren21.net/wp-content/uploads/2019/05/GSR2022_Full_Report.pdf,1,
GRC,Greece,Greece,Europe & Central Asia,High income,2001,2001,2010,2030,,20,20,Percent,Electricity ,All technologies ,20,,https://eur-lex.europa.eu/legal-content/EN/TXT/PDF/?uri=CELEX:32001L0077&from=EN,1,
GRC,Greece,Greece,Europe & Central Asia,High income,2011,2001,2020,2030,,40,40,Percent,Electricity ,All technologies ,40,,https://www.ren21.net/wp-content/uploads/2019/05/GSR2012_Full-Report_English.pdf,1,Poon
GRC,Greece,Greece,Europe & Central Asia,High income,2019,2001,2030,2030,,65,65,Percent,Electricity ,All technologies ,65,,https://ember-energy.org/data/live-eu-necp-tracker/#data-tool,1,Poon
GRC,Greece,Greece,Europe & Central Asia,High income,2023,2001,2030,2030,,81,81,Percent,Electricity ,All technologies ,81,,https://ember-energy.org/data/live-eu-necp-tracker/#data-tool,1,Poon
GRC,Greece,Greece,Europe & Central Asia,High income,2009,2009,2020,2030,,18,18,Percent,Final energy,All technologies,18,,https://www.ren21.net/wp-content/uploads/2019/05/GSR2010_Full-Report_English.pdf,1,Dou
GRC,Greece,Greece,Europe & Central Asia,High income,2011,2009,2020,2030,,20,20,Percent,Final energy,All technologies,20,,https://www.ren21.net/wp-content/uploads/2019/05/GSR2012_Full-Report_English.pdf,1,Dou
GRC,Greece,Greece,Europe & Central Asia,High income,2019,2009,2030,2030,,35,35,Percent,Final energy,All technologies,35,,https://www.ren21.net/wp-content/uploads/2019/05/gsr_2020_full_report_en.pdf,1,Dou
GRC,Greece,Greece,Europe & Central Asia,High income,2021,2021,2030,2030,,35,35,Percent,Primary energy,All technologies,,,https://www.ren21.net/wp-content/uploads/2019/05/GSR2022_Full_Report.pdf,,Dou
GRD,Grenada,Grenada,Latin America & Caribbean,Upper middle income,2016,2016,2050,2050,,100,100,Percent,Electricity ,All technologies,100,,https://www.ren21.net/wp-content/uploads/2019/05/GSR2017_Full-Report_English.pdf,1,
GRD,Grenada,Grenada,Latin America & Caribbean,Upper middle income,2020,2016,2020,2050,,20,20,Percent,Electricity ,All technologies,20,,https://www.ren21.net/wp-content/uploads/2019/05/GSR2021_Full_Report.pdf,1,Poon
GRD,Grenada,Grenada,Latin America & Caribbean,Upper middle income,2021,2016,2025,2050,,10,10,Percent,Electricity ,All technologies,10,,https://www.ren21.net/wp-content/uploads/2019/05/GSR2022_Full_Report.pdf,1,Poon
GRD,Grenada,Grenada,Latin America & Caribbean,Upper middle income,2023,2023,2035,2035,,25,25,Percent,Final energy,All technologies,25,,https://www.ren21.net/wp-content/uploads/2019/05/GSR2024_GlobalOverview_Full_Report_with_endnotes_web.pdf,1,Dou
GRD,Grenada,Grenada,Latin America & Caribbean,Upper middle income,2012,2012,2020,2020,,20,20,Percent,Primary energy,All technologies,,,https://www.ren21.net/wp-content/uploads/2019/05/GSR2013_Full-Report_English.pdf,,Dou
GTM,Guatemala,Guatemala,Latin America & Caribbean,Upper middle income,2011,2011,2022,2050,,70,70,Percent,Electricity ,All technologies,70,,https://www.ren21.net/wp-content/uploads/2019/05/GSR2012_Full-Report_English.pdf,1,Poon
GTM,Guatemala,Guatemala,Latin America & Caribbean,Upper middle income,2012,2011,2022,2050,,60,60,Percent,Electricity ,All technologies,60,,https://www.ren21.net/wp-content/uploads/2019/05/GSR2013_Full-Report_English.pdf,1,
GTM,Guatemala,Guatemala,Latin America & Caribbean,Upper middle income,2013,2011,2027,2050,,80,80,Percent,Electricity ,All technologies,80,,https://www.ren21.net/wp-content/uploads/2019/05/GSR2014_Full-Report_English.pdf,1,
GTM,Guatemala,Guatemala,Latin America & Caribbean,Upper middle income,2015,2011,2030,2050,,80,80,Percent,Electricity ,All technologies,80,,https://www.ren21.net/wp-content/uploads/2019/05/REN21_GSR2016_FullReport_en_11.pdf,1,
GTM,Guatemala,Guatemala,Latin America & Caribbean,Upper middle income,2016,2011,2050,2050,,100,100,Percent,Electricity ,All technologies,100,,https://www.ren21.net/wp-content/uploads/2019/05/GSR2017_Full-Report_English.pdf,1,
GTM,Guatemala,Guatemala,Latin America & Caribbean,Upper middle income,2012,2012,2026,2026,,80,80,Percent,Final energy,All technologies,80,,https://www.ren21.net/wp-content/uploads/2019/05/GSR2013_Full-Report_English.pdf,1,Dou
GTM,Guatemala,Guatemala,Latin America & Caribbean,Upper middle income,2013,2012,2020,2026,,80,80,Percent,Final energy,All technologies,80,,https://www.ren21.net/wp-content/uploads/2019/05/GSR2014_Full-Report_English.pdf,1,Dou
GIN,Guinea,Guinea,Sub-Saharan Africa,Lower middle income,2013,2013,2025,2025,,8,8,Percent,Electricity ,Wind and solar,82,OtherRE (hydro) 73.85% in 2013,https://www.ren21.net/wp-content/uploads/2019/05/GSR2014_Full-Report_English.pdf,1,Poon
GIN,Guinea,Guinea,Sub-Saharan Africa,Lower middle income,2015,2015,2030,2030,,30,30,Percent,Final energy,All technologies,30,,https://www.ren21.net/wp-content/uploads/2019/05/REN21_GSR2016_FullReport_en_11.pdf,1,Dou
GIN,Guinea,Guinea,Sub-Saharan Africa,Lower middle income,2021,2021,2030,2030,,30,30,Percent,Primary energy,All technologies,,,https://www.ren21.net/wp-content/uploads/2019/05/GSR2022_Full_Report.pdf,,Dou
GNB,Guinea Bissau,Guinea Bissau,Sub-Saharan Africa,Low income,2014,2014,2015,2030,,2,2,Percent,Electricity ,All technologies,2,,https://www.ren21.net/wp-content/uploads/2019/05/GSR2015_Full-Report_English.pdf,1,
GNB,Guinea Bissau,Guinea Bissau,Sub-Saharan Africa,Low income,2022,2014,2030,2030,,58,58,Percent,Electricity ,All technologies,58,,https://www.ren21.net/wp-content/uploads/2019/05/GSR-2023_Energy-Supply-Module.pdf,1,Poon
GNB,Guinea Bissau,Guinea Bissau,Sub-Saharan Africa,Low income,2020,2020,2030,2030,,30,30,Percent,Final energy,All technologies,30,,https://www.ren21.net/wp-content/uploads/2019/05/GSR2021_Full_Report.pdf,1,Dou
GNB,Guinea Bissau,Guinea Bissau,Sub-Saharan Africa,Low income,2023,2020,2030,2030,,50,50,Percent,Final energy,All technologies,50,,https://www.ren21.net/wp-content/uploads/2019/05/GSR2024_GlobalOverview_Full_Report_with_endnotes_web.pdf,1,Dou
GNB,Guinea Bissau,Guinea Bissau,Sub-Saharan Africa,Low income,2021,2021,2030,2030,,30,30,Percent,Primary energy,All technologies,,,https://www.ren21.net/wp-content/uploads/2019/05/GSR2022_Full_Report.pdf,,Dou
GUY,Guyana,Guyana,Latin America & Caribbean,High income,2012,2012,NA,2025,,90,90,Percent,Electricity ,All technologies,90,,https://www.ren21.net/wp-content/uploads/2019/05/GSR2013_Full-Report_English.pdf,1,
GUY,Guyana,Guyana,Latin America & Caribbean,High income,2020,2012,2025,2025,,100,100,Percent,Electricity ,All technologies,100,,https://www.ren21.net/wp-content/uploads/2019/05/GSR2021_Full_Report.pdf,1,Poon
GUY,Guyana,Guyana,Latin America & Caribbean,High income,2015,2015,2025,2025,,20,20,Percent,Final energy,All technologies,20,,https://www.ren21.net/wp-content/uploads/2019/05/REN21_GSR2016_FullReport_en_11.pdf,1,Dou
GUY,Guyana,Guyana,Latin America & Caribbean,High income,2022,2015,2025,2025,,100,100,Percent,Final energy,All technologies,100,,https://www.ren21.net/wp-content/uploads/2019/05/GSR2023_GlobalOverview_Full_Report_with_endnotes_web.pdf,1,Dou
GUY,Guyana,Guyana,Latin America & Caribbean,High income,2021,2021,2025,2025,,100,100,Percent,Primary energy,All technologies,,,https://www.ren21.net/wp-content/uploads/2019/05/GSR2022_Full_Report.pdf,,Dou
HTI,Haiti,Haiti,Latin America & Caribbean,Lower middle income,2014,2014,2020,2050,,50,50,Percent,Electricity ,All technologies,50,,https://www.ren21.net/wp-content/uploads/2019/05/GSR2015_Full-Report_English.pdf,1,
HTI,Haiti,Haiti,Latin America & Caribbean,Lower middle income,2015,2014,2030,2050,,47,47,Percent,Electricity ,All technologies,47,,https://www.ren21.net/wp-content/uploads/2019/05/REN21_GSR2016_FullReport_en_11.pdf,1,
HTI,Haiti,Haiti,Latin America & Caribbean,Lower middle income,2016,2014,2050,2050,,100,100,Percent,Electricity ,All technologies,100,,https://www.ren21.net/wp-content/uploads/2019/05/GSR2017_Full-Report_English.pdf,1,
HTI,Haiti,Haiti,Latin America & Caribbean,Lower middle income,2018,2014,2030,2050,,70,70,Percent,Electricity ,All technologies,70,,https://www.ren21.net/wp-content/uploads/2019/05/gsr_2020_full_report_en.pdf,1,
HTI,Haiti,Haiti,Latin America & Caribbean,Lower middle income,2022,2014,2022,2050,,28,28,Percent,Electricity ,All technologies,28,,https://www.ren21.net/wp-content/uploads/2019/05/GSR-2023_Energy-Supply-Module.pdf,1,Poon
HTI,Haiti,Haiti,Latin America & Caribbean,Lower middle income,2022,2014,2027,2050,,46,46,Percent,Electricity ,All technologies,46,,https://www.ren21.net/wp-content/uploads/2019/05/GSR-2023_Energy-Supply-Module.pdf,1,Poon
HTI,Haiti,Haiti,Latin America & Caribbean,Lower middle income,2020,2020,2050,2050,,100,100,Percent,Final energy,All technologies,100,,https://www.ren21.net/wp-content/uploads/2019/05/GSR2021_Full_Report.pdf,1,Dou
HTI,Haiti,Haiti,Latin America & Caribbean,Lower middle income,2021,2021,2050,2050,,100,100,Percent,Primary energy,All technologies,,,https://www.ren21.net/wp-content/uploads/2019/05/GSR2022_Full_Report.pdf,,Dou
HND,Honduras,Honduras,Latin America & Caribbean,Lower middle income,2013,2013,2022,2050,,60,60,Percent,Electricity ,All technologies,60,,https://www.ren21.net/wp-content/uploads/2019/05/GSR2014_Full-Report_English.pdf,1,
HND,Honduras,Honduras,Latin America & Caribbean,Lower middle income,2013,2013,2038,2050,,80,80,Percent,Electricity ,All technologies,80,,https://www.ren21.net/wp-content/uploads/2019/05/GSR2014_Full-Report_English.pdf,1,
HND,Honduras,Honduras,Latin America & Caribbean,Lower middle income,2016,2013,2050,2050,,100,100,Percent,Electricity ,All technologies,100,,https://www.ren21.net/wp-content/uploads/2019/05/GSR2017_Full-Report_English.pdf,1,
HND,Honduras,Honduras,Latin America & Caribbean,Lower middle income,2018,2013,2030,2050,,70,70,Percent,Electricity ,All technologies,70,,https://www.ren21.net/wp-content/uploads/2019/05/gsr_2020_full_report_en.pdf,1,
HND,Honduras,Honduras,Latin America & Caribbean,Lower middle income,2021,2013,2034,2050,,80,80,Percent,Electricity ,All technologies,80,,https://www.ren21.net/wp-content/uploads/2019/05/GSR2022_Full_Report.pdf,1,
HND,Honduras,Honduras,Latin America & Caribbean,Lower middle income,2020,2020,2050,2050,,100,100,Percent,Final energy,All technologies,100,,https://www.ren21.net/wp-content/uploads/2019/05/GSR2021_Full_Report.pdf,1,Dou
HUN,Hungary,Hungary,Europe & Central Asia,High income,2004,2004,2010,2030,,4,4,Percent,Electricity ,All technologies ,4,,https://www.ren21.net/wp-content/uploads/2019/05/GSR2005_Full-Report_English.pdf,1,
HUN,Hungary,Hungary,Europe & Central Asia,High income,2013,2004,2020,2030,,11,11,Percent,Electricity ,All technologies ,11,,https://www.ren21.net/wp-content/uploads/2019/05/GSR2014_Full-Report_English.pdf,1,
HUN,Hungary,Hungary,Europe & Central Asia,High income,2019,2004,2030,2030,,79,79,Percent,Electricity ,All technologies ,79,,https://ember-energy.org/data/live-eu-necp-tracker/#data-tool,1,Poon
HUN,Hungary,Hungary,Europe & Central Asia,High income,2009,2009,2020,2030,,13,13,Percent,Final energy,All technologies,13,,https://www.ren21.net/wp-content/uploads/2019/05/GSR2010_Full-Report_English.pdf,1,Dou
HUN,Hungary,Hungary,Europe & Central Asia,High income,2010,2009,2020,2030,,15,15,Percent,Final energy,All technologies,15,,https://www.ren21.net/wp-content/uploads/2019/05/GSR2011_Full-Report_English.pdf,1,Dou
HUN,Hungary,Hungary,Europe & Central Asia,High income,2023,2009,2030,2030,,21,21,Percent,Final energy,All technologies,21,,https://www.ren21.net/wp-content/uploads/2019/05/GSR2024_GlobalOverview_Full_Report_with_endnotes_web.pdf,1,Dou
HUN,Hungary,Hungary,Europe & Central Asia,High income,2004,2004,2010,2010,,2,2,Percent,Primary energy,All technologies,,,https://www.ren21.net/wp-content/uploads/2019/05/GSR2006_Full-Report_English.pdf,,Dou
ISL,Iceland,Iceland,Europe & Central Asia,High income,2019,2019,2020,2020,,100,100,Percent,Electricity ,All technologies,100,,https://www.ren21.net/wp-content/uploads/2019/05/gsr_2020_full_report_en.pdf,1,Poon
ISL,Iceland,Iceland,Europe & Central Asia,High income,2015,2015,2020,2020,,64,64,Percent,Final energy,All technologies,64,,https://www.ren21.net/wp-content/uploads/2019/05/REN21_GSR2016_FullReport_en_11.pdf,1,Dou
IND,India,India,South Asia,Lower middle income,2009,2009,2010,2030,,25,25,Percent,Electricity ,All technologies ,25,,https://www.ren21.net/wp-content/uploads/2019/05/GSR2010_Full-Report_English.pdf,1,Poon
IND,India,India,South Asia,Lower middle income,2010,2009,2012,2030,,10,10,Percent,Electricity ,All technologies ,10,,https://www.ren21.net/wp-content/uploads/2019/05/GSR2011_Full-Report_English.pdf,1,
IND,India,India,South Asia,Lower middle income,2015,2009,2030,2030,,40,40,Percent,Electricity ,All technologies ,40,,https://www.ren21.net/wp-content/uploads/2019/05/REN21_GSR2016_FullReport_en_11.pdf,1,
IND,India,India,South Asia,Lower middle income,2019,2009,2022,2030,,10,10,Percent,Electricity ,All technologies ,10,,https://www.ren21.net/wp-content/uploads/2019/05/gsr_2020_full_report_en.pdf,1,Poon
IND,India,India,South Asia,Lower middle income,2021,2009,2030,2030,,50,50,Percent,Electricity ,All technologies ,50,,https://www.ren21.net/wp-content/uploads/2019/05/GSR2022_Full_Report.pdf,1,
IND,India,India,South Asia,Lower middle income,2019,2019,2030,2030,,40,40,Percent,Final energy,All technologies,40,,https://www.ren21.net/wp-content/uploads/2019/05/gsr_2020_full_report_en.pdf,1,Dou
IND,India,India,South Asia,Lower middle income,2020,2019,2022,2030,,6,6,Percent,Final energy,All technologies,6,,https://www.ren21.net/wp-content/uploads/2019/05/GSR2021_Full_Report.pdf,1,Dou
IND,India,India,South Asia,Lower middle income,2021,2021,2022,2022,,6,6,Percent,Primary energy,All technologies,,,https://www.ren21.net/wp-content/uploads/2019/05/GSR2022_Full_Report.pdf,,Dou
IDN,Indonesia,Indonesia,East Asia & Pacific,Upper middle income,2007,2007,2025,2030,,15,15,Percent,Electricity ,All technologies,15,,https://www.ren21.net/Portals/0/documents/activities/gsr/RE2007_Global_Status_Report.pdf,1,
IDN,Indonesia,Indonesia,East Asia & Pacific,Upper middle income,2012,2007,2025,2030,,26,26,Percent,Electricity ,All technologies ,26,,https://www.ren21.net/wp-content/uploads/2019/05/GSR2013_Full-Report_English.pdf,1,
IDN,Indonesia,Indonesia,East Asia & Pacific,Upper middle income,2019,2007,2020,2030,,23,23,Percent,Electricity ,All technologies ,23,,https://www.ren21.net/wp-content/uploads/2019/05/gsr_2020_full_report_en.pdf,1,Poon
IDN,Indonesia,Indonesia,East Asia & Pacific,Upper middle income,2020,2007,2030,2030,,20,20,Percent,Electricity ,All technologies ,20,,https://www.ren21.net/wp-content/uploads/2019/05/GSR2021_Full_Report.pdf,1,Poon
IDN,Indonesia,Indonesia,East Asia & Pacific,Upper middle income,2021,2007,2030,2030,,52,52,Percent,Electricity ,All technologies ,52,,https://www.ren21.net/wp-content/uploads/2019/05/GSR2022_Full_Report.pdf,1,
IDN,Indonesia,Indonesia,East Asia & Pacific,Upper middle income,2023,2007,2030,2030,,48,48,Percent,Electricity ,All technologies ,48,,https://www.ren21.net/wp-content/uploads/2019/05/GSR-2023_Energy-Supply-Module.pdf,1,Poon
IDN,Indonesia,Indonesia,East Asia & Pacific,Upper middle income,2023,2023,2050,2050,,31,31,Percent,Final energy,All technologies,31,,https://www.ren21.net/wp-content/uploads/2019/05/GSR2024_GlobalOverview_Full_Report_with_endnotes_web.pdf,1,Dou
IDN,Indonesia,Indonesia,East Asia & Pacific,Upper middle income,2006,2006,2025,2050,,15,15,Percent,Primary energy,All technologies,,,https://www.ren21.net/wp-content/uploads/2019/05/GSR2007_Full-Report_English.pdf,,Dou
IDN,Indonesia,Indonesia,East Asia & Pacific,Upper middle income,2009,2006,2025,2050,,17,17,Percent,Primary energy,All technologies,,,https://www.ren21.net/wp-content/uploads/2019/05/GSR2010_Full-Report_English.pdf,,Dou
IDN,Indonesia,Indonesia,East Asia & Pacific,Upper middle income,2011,2006,2025,2050,,25,25,Percent,Primary energy,All technologies,,,https://www.ren21.net/wp-content/uploads/2019/05/GSR2012_Full-Report_English.pdf,,Dou
IDN,Indonesia,Indonesia,East Asia & Pacific,Upper middle income,2017,2006,2025,2050,,23,23,Percent,Primary energy,All technologies,,,https://www.ren21.net/wp-content/uploads/2019/08/Full-Report-2018.pdf,,Dou
IDN,Indonesia,Indonesia,East Asia & Pacific,Upper middle income,2017,2006,2050,2050,,31,31,Percent,Primary energy,All technologies,,,https://www.ren21.net/wp-content/uploads/2019/08/Full-Report-2018.pdf,,Dou
IRQ,Iraq,Iraq,Middle East & North Africa,Upper middle income,2012,2012,2030,2030,,2,2,Percent,Electricity ,All technologies,2,,https://www.ren21.net/wp-content/uploads/2019/05/GSR2013_Full-Report_English.pdf,1,
IRQ,Iraq,Iraq,Middle East & North Africa,Upper middle income,2014,2012,2030,2030,,10,10,Percent,Electricity ,All technologies,10,,https://www.ren21.net/wp-content/uploads/2019/05/GSR2015_Full-Report_English.pdf,1,
IRQ,Iraq,Iraq,Middle East & North Africa,Upper middle income,2021,2012,2030,2030,,33,33,Percent,Electricity ,All technologies,33,,https://www.ren21.net/wp-content/uploads/2019/05/GSR2022_Full_Report.pdf,1,
IRL,Ireland,Ireland,Europe & Central Asia,High income,2001,2001,2010,2030,,13,13,Percent,Electricity ,All technologies ,13,,https://eur-lex.europa.eu/legal-content/EN/TXT/PDF/?uri=CELEX:32001L0077&from=EN,1,
IRL,Ireland,Ireland,Europe & Central Asia,High income,2009,2001,2020,2030,,40,40,Percent,Electricity ,All technologies ,40,,https://www.ren21.net/wp-content/uploads/2019/05/GSR2010_Full-Report_English.pdf,1,Poon
IRL,Ireland,Ireland,Europe & Central Asia,High income,2013,2001,2020,2030,,43,43,Percent,Electricity ,All technologies ,43,,https://www.ren21.net/wp-content/uploads/2019/05/GSR2014_Full-Report_English.pdf,1,
IRL,Ireland,Ireland,Europe & Central Asia,High income,2019,2001,2030,2030,,70,70,Percent,Electricity ,All technologies ,70,,https://www.ren21.net/wp-content/uploads/2019/05/gsr_2020_full_report_en.pdf,1,
IRL,Ireland,Ireland,Europe & Central Asia,High income,2019,2001,2030,2030,,62,62,Percent,Electricity ,All technologies ,62,,https://ember-energy.org/data/live-eu-necp-tracker/#data-tool,1,Poon
IRL,Ireland,Ireland,Europe & Central Asia,High income,2023,2001,2030,2030,,81,81,Percent,Electricity ,All technologies ,81,,https://ember-energy.org/data/live-eu-necp-tracker/#data-tool,1,Poon
IRL,Ireland,Ireland,Europe & Central Asia,High income,2009,2009,2020,2030,,16,16,Percent,Final energy,All technologies,16,,https://www.ren21.net/wp-content/uploads/2019/05/GSR2010_Full-Report_English.pdf,1,Dou
IRL,Ireland,Ireland,Europe & Central Asia,High income,2020,2009,2030,2030,21.5,34,28,Percent,Final energy,All technologies,28,,https://www.ren21.net/wp-content/uploads/2019/05/GSR2021_Full_Report.pdf,1,Dou
IRL,Ireland,Ireland,Europe & Central Asia,High income,2023,2009,2030,2030,,70,70,Percent,Final energy,All technologies,70,,https://www.ren21.net/wp-content/uploads/2019/05/GSR2024_GlobalOverview_Full_Report_with_endnotes_web.pdf,1,Dou
ISR,Israel,Israel,Middle East & North Africa,High income,2002,2002,2007,2030,,2,2,Percent,Electricity ,All technologies ,2,,https://www.iea.org/policies/4774-renewable-energy-targets,1,
ISR,Israel,Israel,Middle East & North Africa,High income,2002,2002,2016,2030,,5,5,Percent,Electricity ,All technologies ,5,,https://www.iea.org/policies/4774-renewable-energy-targets,1,
ISR,Israel,Israel,Middle East & North Africa,High income,2009,2002,2020,2030,,10,10,Percent,Electricity ,All technologies ,10,,https://www.ren21.net/wp-content/uploads/2019/05/GSR2010_Full-Report_English.pdf,1,
ISR,Israel,Israel,Middle East & North Africa,High income,2010,2002,2020,2030,,7,7,Percent,Electricity ,All technologies ,7,,https://www.ren21.net/wp-content/uploads/2019/05/GSR2011_Full-Report_English.pdf,1,Poon
ISR,Israel,Israel,Middle East & North Africa,High income,2015,2002,2030,2030,,17,17,Percent,Electricity ,All technologies ,17,,https://www.ren21.net/wp-content/uploads/2019/05/REN21_GSR2016_FullReport_en_11.pdf,1,
ISR,Israel,Israel,Middle East & North Africa,High income,2020,2002,2030,2030,,30,30,Percent,Electricity ,All technologies ,30,,https://www.ren21.net/wp-content/uploads/2019/05/GSR2021_Full_Report.pdf,1,Poon
ISR,Israel,Israel,Middle East & North Africa,High income,2022,2002,2030,2030,,40,40,Percent,Electricity ,All technologies ,40,,"https://www.timesofisrael.com/environment-ministry-sets-40-renewable-power-production-goal-by-2030/#:~:text=The%20Environmental%20Protection%20Ministry%20on,more%20emphasis%20on%20renewable%20resources.",1,Poon
ISR,Israel,Israel,Middle East & North Africa,High income,2009,2009,2020,2030,,15,15,Percent,Final energy,All technologies,15,,https://www.ren21.net/wp-content/uploads/2019/05/GSR2010_Full-Report_English.pdf,1,Dou
ISR,Israel,Israel,Middle East & North Africa,High income,2011,2009,2020,2030,,50,50,Percent,Final energy,All technologies,50,,https://www.ren21.net/wp-content/uploads/2019/05/GSR2012_Full-Report_English.pdf,1,Dou
ISR,Israel,Israel,Middle East & North Africa,High income,2016,2009,2025,2030,,13,13,Percent,Final energy,All technologies,13,,https://www.ren21.net/wp-content/uploads/2019/05/GSR2017_Full-Report_English.pdf,1,Dou
ISR,Israel,Israel,Middle East & North Africa,High income,2016,2009,2030,2030,,17,17,Percent,Final energy,All technologies,17,,https://www.ren21.net/wp-content/uploads/2019/05/GSR2017_Full-Report_English.pdf,1,Dou
ISR,Israel,Israel,Middle East & North Africa,High income,2020,2009,2025,2030,,20,20,Percent,Final energy,All technologies,20,,https://www.ren21.net/wp-content/uploads/2019/05/GSR2021_Full_Report.pdf,1,Dou
ISR,Israel,Israel,Middle East & North Africa,High income,2020,2009,2030,2030,,30,30,Percent,Final energy,All technologies,30,,https://www.ren21.net/wp-content/uploads/2019/05/GSR2021_Full_Report.pdf,1,Dou
ITA,Italy,Italy,Europe & Central Asia,High income,2001,2001,2010,2030,,25,25,Percent,Electricity ,All technologies ,25,,https://eur-lex.europa.eu/legal-content/EN/TXT/PDF/?uri=CELEX:32001L0077&from=EN,1,
ITA,Italy,Italy,Europe & Central Asia,High income,2009,2001,2010,2030,,23,23,Percent,Electricity ,All technologies ,23,,https://www.ren21.net/wp-content/uploads/2019/05/GSR2010_Full-Report_English.pdf,1,
ITA,Italy,Italy,Europe & Central Asia,High income,2011,2001,2020,2030,,26,26,Percent,Electricity ,All technologies ,26,,https://www.ren21.net/Portals/0/documents/activities/gsr/GSR2012.pdf,1,
ITA,Italy,Italy,Europe & Central Asia,High income,2019,2001,2030,2030,,60,60,Percent,Electricity ,All technologies ,60,,https://ember-energy.org/data/live-eu-necp-tracker/#data-tool,1,Poon
ITA,Italy,Italy,Europe & Central Asia,High income,2023,2001,2030,2030,,69,69,Percent,Electricity ,All technologies ,69,,https://ember-energy.org/data/live-eu-necp-tracker/#data-tool,1,Poon
ITA,Italy,Italy,Europe & Central Asia,High income,2006,2006,2020,2030,,17,17,Percent,Final energy,All technologies,17,,https://www.ren21.net/wp-content/uploads/2019/05/GSR2007_Full-Report_English.pdf,1,Dou
ITA,Italy,Italy,Europe & Central Asia,High income,2020,2006,2030,2030,,30,30,Percent,Final energy,All technologies,30,,https://www.ren21.net/wp-content/uploads/2019/05/GSR2021_Full_Report.pdf,1,Dou
ITA,Italy,Italy,Europe & Central Asia,High income,2023,2006,2030,2030,,40,40,Percent,Final energy,All technologies,40,,https://www.ren21.net/wp-content/uploads/2019/05/GSR2024_GlobalOverview_Full_Report_with_endnotes_web.pdf,1,Dou
JAM,Jamaica,Jamaica,Latin America & Caribbean,Upper middle income,2009,2009,2010,2030,,10,10,Percent,Electricity ,All technologies,10,,https://www.ren21.net/Portals/0/documents/activities/gsr/REN21_GSR_2010_full_revised%20Sept2010.pdf,1,
JAM,Jamaica,Jamaica,Latin America & Caribbean,Upper middle income,2009,2009,2015,2030,,15,15,Percent,Electricity ,All technologies,15,,https://www.ren21.net/Portals/0/documents/activities/gsr/REN21_GSR_2010_full_revised%20Sept2010.pdf,1,
JAM,Jamaica,Jamaica,Latin America & Caribbean,Upper middle income,2010,2009,2020,2030,,15,15,Percent,Electricity ,All technologies,15,,https://www.ren21.net/wp-content/uploads/2019/05/GSR2011_Full-Report_English.pdf,1,
JAM,Jamaica,Jamaica,Latin America & Caribbean,Upper middle income,2014,2009,2020,2030,,30,30,Percent,Electricity ,All technologies,30,,https://www.ren21.net/wp-content/uploads/2019/05/GSR2015_Full-Report_English.pdf,1,
JAM,Jamaica,Jamaica,Latin America & Caribbean,Upper middle income,2016,2009,2030,2030,,20,20,Percent,Electricity ,All technologies,20,,https://www.ren21.net/wp-content/uploads/2019/05/GSR2017_Full-Report_English.pdf,1,Poon
JAM,Jamaica,Jamaica,Latin America & Caribbean,Upper middle income,2018,2009,2030,2030,,50,50,Percent,Electricity ,All technologies,50,,https://www.ren21.net/wp-content/uploads/2019/05/gsr_2019_full_report_en.pdf,1,
JAM,Jamaica,Jamaica,Latin America & Caribbean,Upper middle income,2016,2016,2030,2030,,20,20,Percent,Final energy,All technologies,20,,https://www.ren21.net/wp-content/uploads/2019/05/GSR2017_Full-Report_English.pdf,1,Dou
JAM,Jamaica,Jamaica,Latin America & Caribbean,Upper middle income,2010,2010,2030,2030,,20,20,Percent,Primary energy,All technologies,,,https://www.ren21.net/wp-content/uploads/2019/05/GSR2011_Full-Report_English.pdf,,Dou
JAM,Jamaica,Jamaica,Latin America & Caribbean,Upper middle income,2011,2010,2020,2030,,15,15,Percent,Primary energy,All technologies,,,https://www.ren21.net/wp-content/uploads/2019/05/GSR2012_Full-Report_English.pdf,,Dou
JPN,Japan,Japan,East Asia & Pacific,High income,2005,2005,2014,2030,,2,2,Percent,Electricity ,All technologies except geothermal and large hydo,2,,https://www.ren21.net/wp-content/uploads/2019/05/GSR2005_Full-Report_English.pdf,2,
JPN,Japan,Japan,East Asia & Pacific,High income,2014,2005,2020,2030,,14,14,Percent,Electricity ,All technologies ,14,,https://www.ren21.net/wp-content/uploads/2019/05/GSR2015_Full-Report_English.pdf,1,
JPN,Japan,Japan,East Asia & Pacific,High income,2015,2005,2030,2030,22,24,23,Percent,Electricity ,All technologies ,23,,https://www.ren21.net/wp-content/uploads/2019/05/REN21_GSR2016_FullReport_en_11.pdf,1,
JPN,Japan,Japan,East Asia & Pacific,High income,2021,2005,2030,2030,36,38,37,Percent,Electricity ,All technologies ,37,,https://www.ren21.net/wp-content/uploads/2019/05/GSR2022_Full_Report.pdf,1,
JPN,Japan,Japan,East Asia & Pacific,High income,2023,2023,2030,2030,,13,13,Percent,Final energy,All technologies,13,,https://www.ren21.net/wp-content/uploads/2019/05/GSR2024_GlobalOverview_Full_Report_with_endnotes_web.pdf,1,Dou
JPN,Japan,Japan,East Asia & Pacific,High income,2010,2010,2020,2030,,10,10,Percent,Primary energy,All technologies,,,https://www.ren21.net/wp-content/uploads/2019/05/GSR2011_Full-Report_English.pdf,,Dou
JPN,Japan,Japan,East Asia & Pacific,High income,2015,2010,2030,2030,,14,14,Percent,Primary energy,All technologies,,,https://www.ren21.net/wp-content/uploads/2019/05/REN21_GSR2016_FullReport_en_11.pdf,,Dou
JPN,Japan,Japan,East Asia & Pacific,High income,2020,2010,2030,2030,,13,13,Percent,Primary energy,All technologies,,,https://www.ren21.net/wp-content/uploads/2019/05/GSR2021_Full_Report.pdf,,Dou
JOR,Jordan,Jordan,Middle East & North Africa,Lower middle income,2005,2005,2020,2030,,7,7,Percent,Electricity ,All technologies,7,,https://www.ren21.net/wp-content/uploads/2019/05/GSR2006_Full-Report_English.pdf,1,Poon
JOR,Jordan,Jordan,Middle East & North Africa,Lower middle income,2005,2005,2020,2030,,10,10,Percent,Electricity ,All technologies,10,,https://www.ren21.net/wp-content/uploads/2019/05/GSR2006_Full-Report_English.pdf,1,
JOR,Jordan,Jordan,Middle East & North Africa,Lower middle income,2006,2005,2020,2030,,15,15,Percent,Electricity ,All technologies,15,,https://www.ren21.net/wp-content/uploads/2019/05/GSR2006_Full-Report_English.pdf,1,
JOR,Jordan,Jordan,Middle East & North Africa,Lower middle income,2015,2005,2015,2030,,15,15,Percent,Electricity ,All technologies,15,,https://www.ren21.net/wp-content/uploads/2019/05/REN21_GSR2016_FullReport_en_11.pdf,1,
JOR,Jordan,Jordan,Middle East & North Africa,Lower middle income,2019,2005,2020,2030,,20,20,Percent,Electricity ,All technologies,20,,https://www.ren21.net/wp-content/uploads/2019/05/gsr_2020_full_report_en.pdf,1,
JOR,Jordan,Jordan,Middle East & North Africa,Lower middle income,2019,2005,2030,2030,,30,30,Percent,Electricity ,All technologies,30,,https://www.ren21.net/wp-content/uploads/2019/05/gsr_2020_full_report_en.pdf,1,
JOR,Jordan,Jordan,Middle East & North Africa,Lower middle income,2021,2005,2030,2030,,31,31,Percent,Electricity ,All technologies,31,,https://www.ren21.net/wp-content/uploads/2019/05/GSR2022_Full_Report.pdf,1,
JOR,Jordan,Jordan,Middle East & North Africa,Lower middle income,2015,2015,2025,2030,,11,11,Percent,Final energy,All technologies,11,,https://www.ren21.net/wp-content/uploads/2019/05/REN21_GSR2016_FullReport_en_11.pdf,1,Dou
JOR,Jordan,Jordan,Middle East & North Africa,Lower middle income,2019,2015,2025,2030,,15,15,Percent,Final energy,All technologies,15,,https://www.ren21.net/wp-content/uploads/2019/05/gsr_2020_full_report_en.pdf,1,Dou
JOR,Jordan,Jordan,Middle East & North Africa,Lower middle income,2023,2015,2030,2030,,14,14,Percent,Final energy,All technologies,14,,https://www.ren21.net/wp-content/uploads/2019/05/GSR2024_GlobalOverview_Full_Report_with_endnotes_web.pdf,1,Dou
JOR,Jordan,Jordan,Middle East & North Africa,Lower middle income,2006,2006,2020,2030,,10,10,Percent,Primary energy,All technologies,,,https://www.ren21.net/wp-content/uploads/2019/05/GSR2007_Full-Report_English.pdf,,Dou
JOR,Jordan,Jordan,Middle East & North Africa,Lower middle income,2009,2006,2015,2030,,7,7,Percent,Primary energy,All technologies,,,https://www.ren21.net/wp-content/uploads/2019/05/GSR2010_Full-Report_English.pdf,,Dou
JOR,Jordan,Jordan,Middle East & North Africa,Lower middle income,2020,2006,2030,2030,,14,14,Percent,Primary energy,All technologies,,,https://www.ren21.net/wp-content/uploads/2019/05/GSR2021_Full_Report.pdf,,Dou
KAZ,Kazakhstan,Kazakhstan,Europe & Central Asia,Upper middle income,2013,2013,2014,2050,,1,1,Percent,Electricity ,All technologies,1,,https://www.ren21.net/wp-content/uploads/2019/05/GSR2014_Full-Report_English.pdf,1,
KAZ,Kazakhstan,Kazakhstan,Europe & Central Asia,Upper middle income,2013,2013,2020,2050,,3,3,Percent,Electricity ,All technologies,3,,https://www.ren21.net/wp-content/uploads/2019/05/GSR2014_Full-Report_English.pdf,1,
KAZ,Kazakhstan,Kazakhstan,Europe & Central Asia,Upper middle income,2014,2013,2030,2050,,50,50,Percent,Electricity ,All technologies,50,,https://www.ren21.net/wp-content/uploads/2019/05/GSR2015_Full-Report_English.pdf,1,
KAZ,Kazakhstan,Kazakhstan,Europe & Central Asia,Upper middle income,2020,2013,2025,2050,,6,6,Percent,Electricity ,All technologies,6,,https://www.ren21.net/wp-content/uploads/2019/05/GSR2021_Full_Report.pdf,1,Poon
KAZ,Kazakhstan,Kazakhstan,Europe & Central Asia,Upper middle income,2020,2013,2030,2050,,10,10,Percent,Electricity ,All technologies,10,,https://www.ren21.net/wp-content/uploads/2019/05/GSR2021_Full_Report.pdf,1,Poon
KAZ,Kazakhstan,Kazakhstan,Europe & Central Asia,Upper middle income,2021,2013,2030,2050,,15,15,Percent,Electricity ,All technologies,15,,https://www.ren21.net/wp-content/uploads/2019/05/GSR2022_Full_Report.pdf,1,
KAZ,Kazakhstan,Kazakhstan,Europe & Central Asia,Upper middle income,2021,2013,2050,2050,,50,50,Percent,Electricity ,All technologies,50,,https://www.ren21.net/wp-content/uploads/2019/05/GSR2022_Full_Report.pdf,1,
KEN,Kenya,Kenya,Sub-Saharan Africa,Lower middle income,2016,2016,2050,2050,,100,100,Percent,Electricity ,All technologies,100,,https://www.ren21.net/wp-content/uploads/2019/05/GSR2017_Full-Report_English.pdf,1,
KEN,Kenya,Kenya,Sub-Saharan Africa,Lower middle income,2021,2016,2030,2050,,100,100,Percent,Electricity ,All technologies,100,,https://www.ren21.net/wp-content/uploads/2019/05/GSR2022_Full_Report.pdf,1,
KEN,Kenya,Kenya,Sub-Saharan Africa,Lower middle income,2020,2020,2050,2050,,100,100,Percent,Final energy,All technologies,100,,https://www.ren21.net/wp-content/uploads/2019/05/GSR2021_Full_Report.pdf,1,Dou
KEN,Kenya,Kenya,Sub-Saharan Africa,Lower middle income,2021,2021,2050,2050,,100,100,Percent,Primary energy,All technologies,,,https://www.ren21.net/wp-content/uploads/2019/05/GSR2022_Full_Report.pdf,,Dou
KIR,Kiribati,Kiribati,East Asia & Pacific,Lower middle income,2011,2011,NA,2050,,10,10,Percent,Electricity ,All technologies,10,,https://www.ren21.net/Portals/0/documents/activities/gsr/GSR2012.pdf,1,
KIR,Kiribati,Kiribati,East Asia & Pacific,Lower middle income,2014,2011,2020,2050,,3,3,Percent,Electricity ,All technologies,3,,https://www.ren21.net/wp-content/uploads/2019/05/GSR2015_Full-Report_English.pdf,1,Poon
KIR,Kiribati,Kiribati,East Asia & Pacific,Lower middle income,2016,2011,2050,2050,,100,100,Percent,Electricity ,All technologies,100,,https://www.ren21.net/wp-content/uploads/2019/05/GSR2017_Full-Report_English.pdf,1,
KIR,Kiribati,Kiribati,East Asia & Pacific,Lower middle income,2020,2011,2025,2050,,23,23,Percent,Electricity ,All technologies,23,,https://www.ren21.net/wp-content/uploads/2019/05/GSR2021_Full_Report.pdf,1,
KIR,Kiribati,Kiribati,East Asia & Pacific,Lower middle income,2020,2020,2050,2050,,100,100,Percent,Final energy,All technologies,100,,https://www.ren21.net/wp-content/uploads/2019/05/GSR2021_Full_Report.pdf,1,Dou
PRK,Korea (Democratic People's Republic of ),North Korea,East Asia & Pacific,Low income,2015,2015,2015,2030,,3,3,Percent,Electricity ,All technologies,3,,https://www.ren21.net/wp-content/uploads/2019/05/REN21_GSR2016_FullReport_en_11.pdf,1,Poon
PRK,Korea (Democratic People's Republic of ),North Korea,East Asia & Pacific,Low income,2015,2015,2020,2030,,5,5,Percent,Electricity ,All technologies,5,,https://www.ren21.net/wp-content/uploads/2019/05/REN21_GSR2016_FullReport_en_11.pdf,1,Poon
PRK,Korea (Democratic People's Republic of ),North Korea,East Asia & Pacific,Low income,2015,2015,2030,2030,,8,8,Percent,Electricity ,All technologies,8,,https://www.ren21.net/wp-content/uploads/2019/05/REN21_GSR2016_FullReport_en_11.pdf,1,Poon
KOR,Korea (Republic of),South Korea,East Asia & Pacific,High income,2005,2005,2010,2040,,7,7,Percent,Electricity ,All technologies ,7,,https://www.ren21.net/wp-content/uploads/2019/05/GSR2005_Full-Report_English.pdf,1,
KOR,Korea (Republic of),South Korea,East Asia & Pacific,High income,2011,2005,2015,2040,,3,3,Percent,Electricity ,All technologies ,3,,https://www.ren21.net/Portals/0/documents/activities/gsr/GSR2012.pdf,1,
KOR,Korea (Republic of),South Korea,East Asia & Pacific,High income,2011,2005,2020,2040,,5,5,Percent,Electricity ,All technologies ,5,,https://www.ren21.net/Portals/0/documents/activities/gsr/GSR2012.pdf,1,
KOR,Korea (Republic of),South Korea,East Asia & Pacific,High income,2011,2005,2030,2040,,8,8,Percent,Electricity ,All technologies ,8,,https://www.ren21.net/Portals/0/documents/activities/gsr/GSR2012.pdf,1,
KOR,Korea (Republic of),South Korea,East Asia & Pacific,High income,2016,2005,2018,2040,,5,5,Percent,Electricity ,All technologies ,5,,https://www.ren21.net/wp-content/uploads/2019/05/GSR2017_Full-Report_English.pdf,1,
KOR,Korea (Republic of),South Korea,East Asia & Pacific,High income,2016,2005,2019,2040,,6,6,Percent,Electricity ,All technologies ,6,,https://www.ren21.net/wp-content/uploads/2019/05/GSR2017_Full-Report_English.pdf,1,
KOR,Korea (Republic of),South Korea,East Asia & Pacific,High income,2016,2005,2020,2040,,7,7,Percent,Electricity ,All technologies ,7,,https://www.ren21.net/wp-content/uploads/2019/05/GSR2017_Full-Report_English.pdf,1,
KOR,Korea (Republic of),South Korea,East Asia & Pacific,High income,2017,2005,2030,2040,,20,20,Percent,Electricity ,All technologies ,20,,https://www.ren21.net/wp-content/uploads/2019/05/GSR2018_Full-Report_English.pdf,1,
KOR,Korea (Republic of),South Korea,East Asia & Pacific,High income,2018,2005,2040,2040,,35,35,Percent,Electricity ,All technologies ,35,,https://www.ren21.net/wp-content/uploads/2019/05/gsr_2019_full_report_en.pdf,1,
KOR,Korea (Republic of),South Korea,East Asia & Pacific,High income,2006,2006,2011,2030,,5,5,Percent,Primary energy,All technologies,,,https://www.ren21.net/wp-content/uploads/2019/05/GSR2007_Full-Report_English.pdf,,Dou
KOR,Korea (Republic of),South Korea,East Asia & Pacific,High income,2008,2006,2020,2030,,6,6,Percent,Primary energy,All technologies,,,https://www.ren21.net/wp-content/uploads/2019/05/GSR2009_Full-Report_English.pdf,,Dou
KOR,Korea (Republic of),South Korea,East Asia & Pacific,High income,2008,2006,2030,2030,,11,11,Percent,Primary energy,All technologies,,,https://www.ren21.net/wp-content/uploads/2019/05/GSR2009_Full-Report_English.pdf,,Dou
KOR,Korea (Republic of),South Korea,East Asia & Pacific,High income,2009,2006,2015,2030,,4,4,Percent,Primary energy,All technologies,,,https://www.ren21.net/wp-content/uploads/2019/05/GSR2010_Full-Report_English.pdf,,Dou
KWT,Kuwait,Kuwait,Middle East & North Africa,High income,2010,2010,2020,2030,,5,5,Percent,Electricity ,All technologies,5,,https://www.ren21.net/wp-content/uploads/2019/05/GSR2011_Full-Report_English.pdf,1,
KWT,Kuwait,Kuwait,Middle East & North Africa,High income,2012,2010,2030,2030,,15,15,Percent,Electricity ,All technologies,15,,https://www.ren21.net/wp-content/uploads/2019/05/GSR2013_Full-Report_English.pdf,1,
KWT,Kuwait,Kuwait,Middle East & North Africa,High income,2014,2010,2030,2030,,10,10,Percent,Electricity ,All technologies,10,,https://www.ren21.net/wp-content/uploads/2019/05/GSR2015_Full-Report_English.pdf,1,
KWT,Kuwait,Kuwait,Middle East & North Africa,High income,2009,2009,2020,2020,,5,5,Percent,Final energy,All technologies,5,,https://www.ren21.net/wp-content/uploads/2019/05/GSR2010_Full-Report_English.pdf,1,Dou
LAO,Lao People's Democratic Republic,Laos,East Asia & Pacific,Lower middle income,2011,2011,2025,2025,,30,30,Percent,Final energy,All technologies,30,,https://www.iea.org/countries/laos       https://kpl.gov.la/en/detail.aspx?id=4473,1,Poon
LVA,Latvia,Latvia,Europe & Central Asia,High income,2004,2004,2010,2030,,49,49,Percent,Electricity ,All technologies ,49,,https://www.sciencedirect.com/science/article/pii/S1364032105000535,1,
LVA,Latvia,Latvia,Europe & Central Asia,High income,2012,2004,2020,2030,,60,60,Percent,Electricity ,All technologies ,60,,https://www.ren21.net/wp-content/uploads/2019/05/GSR2013_Full-Report_English.pdf,1,
LVA,Latvia,Latvia,Europe & Central Asia,High income,2019,2004,2030,2030,,76,76,Percent,Electricity ,All technologies ,76,,https://ember-energy.org/data/live-eu-necp-tracker/#data-tool,1,Poon
LVA,Latvia,Latvia,Europe & Central Asia,High income,2023,2004,2030,2030,,96,96,Percent,Electricity ,All technologies ,96,,https://ember-energy.org/data/live-eu-necp-tracker/#data-tool,1,Poon
LVA,Latvia,Latvia,Europe & Central Asia,High income,2006,2006,2020,2030,,42,42,Percent,Final energy,All technologies,42,,https://www.ren21.net/wp-content/uploads/2019/05/GSR2007_Full-Report_English.pdf,1,Dou
LVA,Latvia,Latvia,Europe & Central Asia,High income,2009,2006,2020,2030,,40,40,Percent,Final energy,All technologies,40,,https://www.ren21.net/wp-content/uploads/2019/05/GSR2010_Full-Report_English.pdf,1,Dou
LVA,Latvia,Latvia,Europe & Central Asia,High income,2020,2006,2022,2030,,42,42,Percent,Final energy,All technologies,42,,https://www.ren21.net/wp-content/uploads/2019/05/GSR2021_Full_Report.pdf,1,Dou
LVA,Latvia,Latvia,Europe & Central Asia,High income,2020,2006,2025,2030,,44,44,Percent,Final energy,All technologies,44,,https://www.ren21.net/wp-content/uploads/2019/05/GSR2021_Full_Report.pdf,1,Dou
LVA,Latvia,Latvia,Europe & Central Asia,High income,2020,2006,2027,2030,,47,47,Percent,Final energy,All technologies,47,,https://www.ren21.net/wp-content/uploads/2019/05/GSR2021_Full_Report.pdf,1,Dou
LVA,Latvia,Latvia,Europe & Central Asia,High income,2020,2006,2030,2030,,50,50,Percent,Final energy,All technologies,50,,https://www.ren21.net/wp-content/uploads/2019/05/GSR2021_Full_Report.pdf,1,Dou
LVA,Latvia,Latvia,Europe & Central Asia,High income,2023,2006,2030,2030,,45,45,Percent,Final energy,All technologies,45,,https://www.ren21.net/wp-content/uploads/2019/05/GSR2024_GlobalOverview_Full_Report_with_endnotes_web.pdf,1,Dou
LVA,Latvia,Latvia,Europe & Central Asia,High income,2004,2004,2010,2010,,6,6,Percent,Primary energy,All technologies,,,https://www.ren21.net/wp-content/uploads/2019/05/GSR2005_Full-Report_English.pdf,,Dou
LBN,Lebanon,Lebanon,Middle East & North Africa,Lower middle income,2012,2012,2020,2050,,12,12,Percent,Electricity ,All technologies,12,,https://www.ren21.net/wp-content/uploads/2019/05/GSR2013_Full-Report_English.pdf,1,
LBN,Lebanon,Lebanon,Middle East & North Africa,Lower middle income,2016,2012,2050,2050,,100,100,Percent,Electricity ,All technologies,100,,https://www.ren21.net/wp-content/uploads/2019/05/GSR2017_Full-Report_English.pdf,1,
LBN,Lebanon,Lebanon,Middle East & North Africa,Lower middle income,2019,2012,2030,2050,,30,30,Percent,Electricity ,All technologies,30,,https://www.ren21.net/wp-content/uploads/2019/05/gsr_2020_full_report_en.pdf,1,Poon
LBN,Lebanon,Lebanon,Middle East & North Africa,Lower middle income,2021,2012,2030,2050,,18,18,Percent,Electricity ,All technologies,18,,https://www.ren21.net/wp-content/uploads/2019/05/GSR2022_Full_Report.pdf,1,
LBN,Lebanon,Lebanon,Middle East & North Africa,Lower middle income,2009,2009,2020,2030,,12,12,Percent,Final energy,All technologies,12,,https://www.ren21.net/wp-content/uploads/2019/05/GSR2010_Full-Report_English.pdf,1,Dou
LBN,Lebanon,Lebanon,Middle East & North Africa,Lower middle income,2015,2009,2030,2030,,15,15,Percent,Final energy,All technologies,15,,https://www.ren21.net/wp-content/uploads/2019/05/REN21_GSR2016_FullReport_en_11.pdf,1,Dou
LBN,Lebanon,Lebanon,Middle East & North Africa,Lower middle income,2020,2009,2030,2030,,30,30,Percent,Final energy,All technologies,30,,https://www.ren21.net/wp-content/uploads/2019/05/GSR2021_Full_Report.pdf,1,Dou
LSO,Lesotho,Lesotho,Sub-Saharan Africa,Lower middle income,2012,2012,2020,2020,,35,35,Percent,Electricity ,All technologies,35,Off-grid and rural,https://www.ren21.net/wp-content/uploads/2019/05/GSR2013_Full-Report_English.pdf,1,Poon
LBR,Liberia,Liberia,Sub-Saharan Africa,Low income,2013,2013,2021,2021,,30,30,Percent,Electricity ,All technologies,30,,https://www.ren21.net/wp-content/uploads/2019/05/GSR2014_Full-Report_English.pdf,1,
LBR,Liberia,Liberia,Sub-Saharan Africa,Low income,2015,2015,2030,2030,,10,10,Percent,Final energy,All technologies,10,,https://www.ren21.net/wp-content/uploads/2019/05/REN21_GSR2016_FullReport_en_11.pdf,1,Dou
LBR,Liberia,Liberia,Sub-Saharan Africa,Low income,2015,2015,2021,2030,,30,30,Percent,Primary energy,All technologies,,,https://www.ren21.net/wp-content/uploads/2019/05/REN21_GSR2016_FullReport_en_11.pdf,,Poon
LBR,Liberia,Liberia,Sub-Saharan Africa,Low income,2017,2015,2030,2030,,30,30,Percent,Primary energy,All technologies,,,https://www.ren21.net/wp-content/uploads/2019/08/Full-Report-2018.pdf,,Dou
LBY,Libya,Libya,Middle East & North Africa,Upper middle income,2009,2009,2020,2030,,10,10,Percent,Electricity ,All technologies,10,,https://www.ren21.net/Portals/0/documents/activities/gsr/REN21_GSR_2010_full_revised%20Sept2010.pdf,1,
LBY,Libya,Libya,Middle East & North Africa,Upper middle income,2009,2009,2030,2030,,30,30,Percent,Electricity ,All technologies,30,,https://www.ren21.net/Portals/0/documents/activities/gsr/REN21_GSR_2010_full_revised%20Sept2010.pdf,1,
LBY,Libya,Libya,Middle East & North Africa,Upper middle income,2012,2009,2020,2030,,7,7,Percent,Electricity ,All technologies,7,,https://www.ren21.net/wp-content/uploads/2019/05/GSR2013_Full-Report_English.pdf,1,
LBY,Libya,Libya,Middle East & North Africa,Upper middle income,2012,2009,2025,2030,,10,10,Percent,Electricity ,All technologies,10,,https://www.ren21.net/wp-content/uploads/2019/05/GSR2013_Full-Report_English.pdf,1,
LBY,Libya,Libya,Middle East & North Africa,Upper middle income,2013,2009,2020,2030,,20,20,Percent,Electricity ,All technologies,20,,https://www.ren21.net/wp-content/uploads/2019/05/GSR2014_Full-Report_English.pdf,1,
LBY,Libya,Libya,Middle East & North Africa,Upper middle income,2019,2009,2030,2030,,22,22,Percent,Electricity ,All technologies,22,,https://www.ren21.net/wp-content/uploads/2019/05/gsr_2020_full_report_en.pdf,1,Poon
LBY,Libya,Libya,Middle East & North Africa,Upper middle income,2011,2011,2020,2020,,10,10,Percent,Primary energy,All technologies,,,https://www.ren21.net/wp-content/uploads/2019/05/GSR2012_Full-Report_English.pdf,,Dou
LIE,Liechtenstein,Liechtenstein,Europe & Central Asia,High income,2020,2020,2019,2030,,22,22,Percent,Final energy,All technologies,22,,https://unfccc.int/sites/default/files/resource/NC8_BR5_LIE_2022.pdf,1,Poon
LIE,Liechtenstein,Liechtenstein,Europe & Central Asia,High income,2020,0,2030,2030,,30,30,Percent,Final energy,All technologies,30,,https://unfccc.int/sites/default/files/resource/NC8_BR5_LIE_2022.pdf,1,Poon
LTU,Lithuania,Lithuania,Europe & Central Asia,High income,2004,2004,2010,2030,,7,7,Percent,Electricity ,All technologies ,7,,https://www.ren21.net/wp-content/uploads/2019/05/GSR2005_Full-Report_English.pdf,1,
LTU,Lithuania,Lithuania,Europe & Central Asia,High income,2012,2004,2020,2030,,20,20,Percent,Electricity ,All technologies ,20,,https://www.ren21.net/wp-content/uploads/2019/05/GSR2013_Full-Report_English.pdf,1,
LTU,Lithuania,Lithuania,Europe & Central Asia,High income,2013,2004,2020,2030,,21,21,Percent,Electricity ,All technologies ,21,,https://www.ren21.net/wp-content/uploads/2019/05/GSR2014_Full-Report_English.pdf,1,Poon
LTU,Lithuania,Lithuania,Europe & Central Asia,High income,2019,2004,2030,2030,,89,89,Percent,Electricity ,All technologies ,89,,https://ember-energy.org/data/live-eu-necp-tracker/#data-tool,1,Poon
LTU,Lithuania,Lithuania,Europe & Central Asia,High income,2006,2006,2020,2050,,23,23,Percent,Final energy,All technologies,23,,https://www.ren21.net/wp-content/uploads/2019/05/GSR2007_Full-Report_English.pdf,1,Dou
LTU,Lithuania,Lithuania,Europe & Central Asia,High income,2018,2006,2050,2050,,80,80,Percent,Final energy,All technologies,80,,https://www.ren21.net/wp-content/uploads/2019/05/gsr_2019_full_report_en.pdf,1,Dou
LTU,Lithuania,Lithuania,Europe & Central Asia,High income,2019,2006,2030,2050,,45,45,Percent,Final energy,All technologies,45,,https://www.ren21.net/wp-content/uploads/2019/05/gsr_2020_full_report_en.pdf,1,Dou
LTU,Lithuania,Lithuania,Europe & Central Asia,High income,2004,2004,2010,2025,,12,12,Percent,Primary energy,All technologies,,,https://www.ren21.net/wp-content/uploads/2019/05/GSR2005_Full-Report_English.pdf,,Dou
LTU,Lithuania,Lithuania,Europe & Central Asia,High income,2009,2004,2025,2025,,20,20,Percent,Primary energy,All technologies,,,https://www.ren21.net/wp-content/uploads/2019/05/GSR2010_Full-Report_English.pdf,,Dou
LUX,Luxembourg,Luxembourg,Europe & Central Asia,High income,2001,2001,2010,2030,,6,6,Percent,Electricity ,All technologies ,6,,https://eur-lex.europa.eu/legal-content/EN/TXT/PDF/?uri=CELEX:32001L0077&from=EN,1,
LUX,Luxembourg,Luxembourg,Europe & Central Asia,High income,2012,2001,2020,2030,,12,12,Percent,Electricity ,All technologies ,12,,https://www.ren21.net/wp-content/uploads/2019/05/GSR2013_Full-Report_English.pdf,1,
LUX,Luxembourg,Luxembourg,Europe & Central Asia,High income,2021,2001,2030,2030,,34,34,Percent,Electricity ,All technologies ,34,,https://www.ren21.net/wp-content/uploads/2019/05/GSR2022_Full_Report.pdf,1,Poon
LUX,Luxembourg,Luxembourg,Europe & Central Asia,High income,2009,2009,2020,2030,,11,11,Percent,Final energy,All technologies,11,,https://www.ren21.net/wp-content/uploads/2019/05/GSR2010_Full-Report_English.pdf,1,Dou
LUX,Luxembourg,Luxembourg,Europe & Central Asia,High income,2020,2009,2030,2030,23,25,24,Percent,Final energy,All technologies,24,,https://www.ren21.net/wp-content/uploads/2019/05/GSR2021_Full_Report.pdf,1,Dou
LUX,Luxembourg,Luxembourg,Europe & Central Asia,High income,2023,2009,2030,2030,,25,25,Percent,Final energy,All technologies,25,,https://www.ren21.net/wp-content/uploads/2019/05/GSR2024_GlobalOverview_Full_Report_with_endnotes_web.pdf,1,Dou
MDG,Madagascar,Madagascar,Sub-Saharan Africa,Low income,2009,2009,2020,2050,,75,75,Percent,Electricity ,All technologies,75,,https://www.ren21.net/Portals/0/documents/activities/gsr/REN21_GSR_2010_full_revised%20Sept2010.pdf,1,
MDG,Madagascar,Madagascar,Sub-Saharan Africa,Low income,2015,2009,NA,2050,,79,79,Percent,Electricity ,All technologies,79,,https://www.ren21.net/wp-content/uploads/2019/05/REN21_GSR2016_FullReport_en_11.pdf,1,Poon
MDG,Madagascar,Madagascar,Sub-Saharan Africa,Low income,2016,2009,2050,2050,,100,100,Percent,Electricity ,All technologies,100,,https://www.ren21.net/wp-content/uploads/2019/05/GSR2017_Full-Report_English.pdf,1,
MDG,Madagascar,Madagascar,Sub-Saharan Africa,Low income,2018,2009,2030,2050,,85,85,Percent,Electricity ,All technologies,85,,https://www.ren21.net/wp-content/uploads/2019/05/gsr_2019_full_report_en.pdf,1,Poon
MDG,Madagascar,Madagascar,Sub-Saharan Africa,Low income,2020,2009,2030,2050,,79,79,Percent,Electricity ,All technologies,79,,https://www.ren21.net/wp-content/uploads/2019/05/GSR2021_Full_Report.pdf,1,Poon
MDG,Madagascar,Madagascar,Sub-Saharan Africa,Low income,2009,2009,2020,2050,,54,54,Percent,Final energy,All technologies,54,,https://www.ren21.net/wp-content/uploads/2019/05/GSR2010_Full-Report_English.pdf,1,Dou
MDG,Madagascar,Madagascar,Sub-Saharan Africa,Low income,2020,2009,2050,2050,,100,100,Percent,Final energy,All technologies,100,,https://www.ren21.net/wp-content/uploads/2019/05/GSR2021_Full_Report.pdf,1,Dou
MDG,Madagascar,Madagascar,Sub-Saharan Africa,Low income,2023,2009,2030,2050,,85,85,Percent,Final energy,All technologies,85,,https://www.ren21.net/wp-content/uploads/2019/05/GSR2024_GlobalOverview_Full_Report_with_endnotes_web.pdf,1,Dou
MWI,Malawi,Malawi,Sub-Saharan Africa,Low income,2016,2016,2050,2050,,100,100,Percent,Electricity ,All technologies,100,,https://www.ren21.net/wp-content/uploads/2019/05/GSR2017_Full-Report_English.pdf,1,
MWI,Malawi,Malawi,Sub-Saharan Africa,Low income,2020,2020,2050,2050,,100,100,Percent,Final energy,All technologies,100,,https://www.ren21.net/wp-content/uploads/2019/05/GSR2021_Full_Report.pdf,1,Dou
MWI,Malawi,Malawi,Sub-Saharan Africa,Low income,2009,2009,2020,2020,,7,7,Percent,Primary energy,All technologies,,,https://www.ren21.net/wp-content/uploads/2019/05/GSR2010_Full-Report_English.pdf,,Dou
MYS,Malaysia,Malaysia,East Asia & Pacific,Upper middle income,2005,2005,2005,2050,,5,5,Percent,Electricity ,All technologies,5,,https://www.ren21.net/wp-content/uploads/2019/05/GSR2005_Full-Report_English.pdf,1,
MYS,Malaysia,Malaysia,East Asia & Pacific,Upper middle income,2010,2005,2011,2050,,1,1,Percent,Electricity ,All technologies,1,,https://www.ren21.net/wp-content/uploads/2019/05/GSR2011_Full-Report_English.pdf,1,Poon
MYS,Malaysia,Malaysia,East Asia & Pacific,Upper middle income,2010,2005,2015,2050,,5,5,Percent,Electricity ,All technologies,5,,https://www.ren21.net/wp-content/uploads/2019/05/GSR2011_Full-Report_English.pdf,1,Poon
MYS,Malaysia,Malaysia,East Asia & Pacific,Upper middle income,2010,2005,2020,2050,,9,9,Percent,Electricity ,All technologies,9,,https://www.ren21.net/wp-content/uploads/2019/05/GSR2011_Full-Report_English.pdf,1,Poon
MYS,Malaysia,Malaysia,East Asia & Pacific,Upper middle income,2010,2005,2050,2050,,13,13,Percent,Electricity ,All technologies,13,,https://www.ren21.net/wp-content/uploads/2019/05/GSR2011_Full-Report_English.pdf,1,Poon
MYS,Malaysia,Malaysia,East Asia & Pacific,Upper middle income,2012,2005,2030,2050,,11,11,Percent,Electricity ,All technologies,11,,https://www.ren21.net/wp-content/uploads/2019/05/GSR2013_Full-Report_English.pdf,1,
MYS,Malaysia,Malaysia,East Asia & Pacific,Upper middle income,2012,2005,2050,2050,,15,15,Percent,Electricity ,All technologies,15,,https://www.ren21.net/wp-content/uploads/2019/05/GSR2013_Full-Report_English.pdf,1,
MYS,Malaysia,Malaysia,East Asia & Pacific,Upper middle income,2018,2005,2030,2050,,20,20,Percent,Electricity ,All technologies,20,,https://www.ren21.net/wp-content/uploads/2019/05/gsr_2019_full_report_en.pdf,1,
MYS,Malaysia,Malaysia,East Asia & Pacific,Upper middle income,2020,2005,2025,2050,,20,20,Percent,Electricity ,All technologies,20,,https://www.ren21.net/wp-content/uploads/2019/05/GSR2021_Full_Report.pdf,1,Poon
MYS,Malaysia,Malaysia,East Asia & Pacific,Upper middle income,2021,2005,2025,2050,,31,31,Percent,Electricity ,All technologies,31,,https://www.ren21.net/wp-content/uploads/2019/05/GSR2022_Full_Report.pdf,1,
MYS,Malaysia,Malaysia,East Asia & Pacific,Upper middle income,2021,2005,2035,2050,,40,40,Percent,Electricity ,All technologies,40,,https://www.ren21.net/wp-content/uploads/2019/05/GSR2022_Full_Report.pdf,1,
MYS,Malaysia,Malaysia,East Asia & Pacific,Upper middle income,2022,2005,2050,2050,,70,70,Percent,Electricity ,All technologies,70,,https://www.ren21.net/wp-content/uploads/2019/05/GSR-2023_Energy-Supply-Module.pdf,1,Poon
MDV,Maldives,Maldives,South Asia,Upper middle income,2013,2013,2017,2050,,16,16,Percent,Electricity ,All technologies,16,,https://www.ren21.net/wp-content/uploads/2019/05/GSR2014_Full-Report_English.pdf,1,
MDV,Maldives,Maldives,South Asia,Upper middle income,2016,2013,2050,2050,,100,100,Percent,Electricity ,All technologies,100,,https://www.ren21.net/wp-content/uploads/2019/05/GSR2017_Full-Report_English.pdf,1,
MDV,Maldives,Maldives,South Asia,Upper middle income,2021,2013,2030,2050,,70,70,Percent,Electricity ,All technologies,70,,https://www.ren21.net/wp-content/uploads/2019/05/GSR2022_Full_Report.pd,1,
MDV,Maldives,Maldives,South Asia,Upper middle income,2020,2020,2050,2050,,100,100,Percent,Final energy,All technologies,100,,https://www.ren21.net/wp-content/uploads/2019/05/GSR2021_Full_Report.pdf,1,Dou
MLI,Mali,Mali,Sub-Saharan Africa,Low income,2005,2005,2015,2033,,3,3,Percent,Electricity ,All technologies,3,,https://www.ren21.net/wp-content/uploads/2019/05/GSR2006_Full-Report_English.pdf,1,
MLI,Mali,Mali,Sub-Saharan Africa,Low income,2005,2005,2020,2033,,15,15,Percent,Electricity ,All technologies,15,,https://www.ren21.net/wp-content/uploads/2019/05/GSR2006_Full-Report_English.pdf,1,
MLI,Mali,Mali,Sub-Saharan Africa,Low income,2005,2005,2020,2033,,10,10,Percent,Electricity ,All technologies,10,,https://www.ren21.net/wp-content/uploads/2019/05/GSR2006_Full-Report_English.pdf,1,
MLI,Mali,Mali,Sub-Saharan Africa,Low income,2011,2005,2020,2033,,25,25,Percent,Electricity ,All technologies,25,,https://www.ren21.net/Portals/0/documents/activities/gsr/GSR2012.pdf,1,
MLI,Mali,Mali,Sub-Saharan Africa,Low income,2013,2005,2015,2033,,10,10,Percent,Electricity ,All technologies except large hydro,10,,https://www.ren21.net/wp-content/uploads/2019/05/GSR2014_Full-Report_English.pdf,2,
MLI,Mali,Mali,Sub-Saharan Africa,Low income,2013,2005,2033,2033,,25,25,Percent,Electricity ,All technologies except large hydro,25,,https://www.ren21.net/wp-content/uploads/2019/05/GSR2014_Full-Report_English.pdf,2,
MLI,Mali,Mali,Sub-Saharan Africa,Low income,2020,2020,2033,2033,,10,10,Percent,Final energy,All technologies,10,,https://www.ren21.net/wp-content/uploads/2019/05/GSR2021_Full_Report.pdf,1,Dou
MLI,Mali,Mali,Sub-Saharan Africa,Low income,2004,2004,2020,2020,,15,15,Percent,Primary energy,All technologies,,,https://www.ren21.net/wp-content/uploads/2019/05/GSR2005_Full-Report_English.pdf,,Dou
MLT,Malta,Malta,Middle East & North Africa,High income,2006,2006,2010,2020,,5,5,Percent,Electricity ,All technologies,5,,https://www.ren21.net/wp-content/uploads/2019/05/GSR2006_Full-Report_English.pdf,1,
MLT,Malta,Malta,Middle East & North Africa,High income,2013,2006,2020,2020,,4,4,Percent,Electricity ,All technologies,4,,https://www.ren21.net/wp-content/uploads/2019/05/GSR2014_Full-Report_English.pdf,1,
MLT,Malta,Malta,Middle East & North Africa,High income,2020,2006,2020,2020,,12,12,Percent,Electricity ,All technologies,12,,https://www.ren21.net/wp-content/uploads/2019/05/GSR2021_Full_Report.pdf,1,Poon
MLT,Malta,Malta,Middle East & North Africa,High income,2009,2009,2020,2030,,10,10,Percent,Final energy,All technologies,10,,https://www.ren21.net/wp-content/uploads/2019/05/GSR2010_Full-Report_English.pdf,1,Dou
MLT,Malta,Malta,Middle East & North Africa,High income,2020,2009,2030,2030,,12,12,Percent,Final energy,All technologies,12,,https://www.ren21.net/wp-content/uploads/2019/05/GSR2021_Full_Report.pdf,1,Dou
MLT,Malta,Malta,Middle East & North Africa,High income,2023,2009,2030,2030,,11,11,Percent,Final energy,All technologies,11,,https://www.ren21.net/wp-content/uploads/2019/05/GSR2024_GlobalOverview_Full_Report_with_endnotes_web.pdf,1,Dou
MHL,Marshall Islands,Marshall Islands,East Asia & Pacific,Upper middle income,2011,2011,2020,2050,,20,20,Percent,Electricity ,All technologies,20,,https://www.ren21.net/Portals/0/documents/activities/gsr/GSR2012.pdf,1,
MHL,Marshall Islands,Marshall Islands,East Asia & Pacific,Upper middle income,2016,2011,2050,2050,,100,100,Percent,Electricity ,All technologies,100,,https://www.ren21.net/wp-content/uploads/2019/05/GSR2017_Full-Report_English.pdf,1,
MHL,Marshall Islands,Marshall Islands,East Asia & Pacific,Upper middle income,2020,2020,2050,2050,,100,100,Percent,Final energy,All technologies,100,,https://www.ren21.net/wp-content/uploads/2019/05/GSR2021_Full_Report.pdf,1,Dou
MHL,Marshall Islands,Marshall Islands,East Asia & Pacific,Upper middle income,2021,2021,2050,2050,,100,100,Percent,Primary energy,All technologies,,,https://www.ren21.net/wp-content/uploads/2019/05/GSR2022_Full_Report.pdf,,Dou
MRT,Mauritania,Mauritania,Sub-Saharan Africa,Lower middle income,2019,2019,2020,2020,,60,60,Percent,Electricity ,All technologies,60,,https://www.ren21.net/wp-content/uploads/2019/05/gsr_2020_full_report_en.pdf,1,Poon
MRT,Mauritania,Mauritania,Sub-Saharan Africa,Lower middle income,2011,2011,2015,2020,,15,15,Percent,Primary energy,All technologies,,,https://www.ren21.net/wp-content/uploads/2019/05/GSR2012_Full-Report_English.pdf,,Dou
MRT,Mauritania,Mauritania,Sub-Saharan Africa,Lower middle income,2011,2011,2020,2020,,20,20,Percent,Primary energy,All technologies,,,https://www.ren21.net/wp-content/uploads/2019/05/GSR2012_Full-Report_English.pdf,,Dou
MUS,Mauritius,Mauritius,Sub-Saharan Africa,Upper middle income,2009,2009,2028,2030,,65,65,Percent,Electricity ,All technologies,65,,https://www.ren21.net/Portals/0/documents/activities/gsr/REN21_GSR_2010_full_revised%20Sept2010.pdf,1,
MUS,Mauritius,Mauritius,Sub-Saharan Africa,Upper middle income,2011,2009,2025,2030,,35,35,Percent,Electricity ,All technologies,35,,https://www.ren21.net/Portals/0/documents/activities/gsr/GSR2012.pdf,1,
MUS,Mauritius,Mauritius,Sub-Saharan Africa,Upper middle income,2022,2009,2030,2030,,60,60,Percent,Electricity ,All technologies,60,,https://www.ren21.net/wp-content/uploads/2019/05/GSR-2023_Energy-Supply-Module.pdf,1,Poon
MUS,Mauritius,Mauritius,Sub-Saharan Africa,Upper middle income,2010,2010,2025,2030,,35,35,Percent,Primary energy,All technologies,,,https://www.ren21.net/wp-content/uploads/2019/05/GSR2011_Full-Report_English.pdf,,Dou
MUS,Mauritius,Mauritius,Sub-Saharan Africa,Upper middle income,2021,2010,2030,2030,,60,60,Percent,Primary energy,All technologies,,,https://www.ren21.net/wp-content/uploads/2019/05/GSR2022_Full_Report.pdf,,Dou
MEX,Mexico,Mexico,Latin America & Caribbean,Upper middle income,2009,2009,2010,2050,,5,5,Percent,Electricity ,All technologies,5,,https://www.ren21.net/wp-content/uploads/2019/05/GSR2010_Full-Report_English.pdf,1,
MEX,Mexico,Mexico,Latin America & Caribbean,Upper middle income,2010,2009,2012,2050,,8,8,Percent,Electricity ,All technologies,8,,https://www.ren21.net/wp-content/uploads/2019/05/GSR2011_Full-Report_English.pdf,1,
MEX,Mexico,Mexico,Latin America & Caribbean,Upper middle income,2011,2009,2024,2050,,35,35,Percent,Electricity ,All technologies,35,,https://www.ren21.net/Portals/0/documents/Resources/GSR2012_low%20res_FINAL.pdf,1,
MEX,Mexico,Mexico,Latin America & Caribbean,Upper middle income,2014,2009,2026,2050,,25,25,Percent,Electricity ,All technologies,25,,https://www.ren21.net/wp-content/uploads/2019/05/GSR2015_Full-Report_English.pdf,1,
MEX,Mexico,Mexico,Latin America & Caribbean,Upper middle income,2015,2009,2050,2050,,50,50,Percent,Electricity ,All technologies,50,,https://www.ren21.net/wp-content/uploads/2019/05/REN21_GSR2016_FullReport_en_11.pdf,1,
MEX,Mexico,Mexico,Latin America & Caribbean,Upper middle income,2017,2009,2030,2050,,38,38,Percent,Electricity ,All technologies,38,,https://www.ren21.net/wp-content/uploads/2019/08/Full-Report-2018.pdf,1,
MEX,Mexico,Mexico,Latin America & Caribbean,Upper middle income,2018,2009,2018,2050,,30,30,Percent,Electricity ,All technologies,30,,https://www.ren21.net/wp-content/uploads/2019/05/gsr_2019_full_report_en.pdf,1,Poon
MEX,Mexico,Mexico,Latin America & Caribbean,Upper middle income,2018,2009,2021,2050,,35,35,Percent,Electricity ,All technologies,35,,https://www.ren21.net/wp-content/uploads/2019/05/gsr_2019_full_report_en.pdf,1,Poon
MEX,Mexico,Mexico,Latin America & Caribbean,Upper middle income,2019,2009,2021,2050,,30,30,Percent,Electricity ,All technologies,30,,https://www.ren21.net/wp-content/uploads/2019/05/gsr_2020_full_report_en.pdf,1,Poon
MEX,Mexico,Mexico,Latin America & Caribbean,Upper middle income,2019,2009,2035,2050,,40,40,Percent,Electricity ,All technologies,40,,https://www.ren21.net/wp-content/uploads/2019/05/gsr_2020_full_report_en.pdf,1,Poon
MEX,Mexico,Mexico,Latin America & Caribbean,Upper middle income,2019,2009,2050,2050,,50,50,Percent,Electricity ,All technologies,50,,https://www.ren21.net/wp-content/uploads/2019/05/GSR2023_Demand_Modules.pdf,1,
MEX,Mexico,Mexico,Latin America & Caribbean,Upper middle income,2020,2009,2020,2050,,27,27,Percent,Electricity ,All technologies,27,,https://www.ren21.net/wp-content/uploads/2019/05/GSR2021_Full_Report.pdf,1,Poon
MEX,Mexico,Mexico,Latin America & Caribbean,Upper middle income,2021,2009,2024,2050,,35,35,Percent,Electricity ,All technologies,35,,https://www.ren21.net/wp-content/uploads/2019/05/GSR2022_Full_Report.pdf,1,Poon
FSM,Micronesia (Federated States of),Micronesia,East Asia & Pacific,Lower middle income,2011,2011,2020,2030,,10,10,Percent,Electricity ,All technologies,10,Only urban,https://www.ren21.net/wp-content/uploads/2019/05/GSR2012_Full-Report_English.pdf,1,Poon
FSM,Micronesia (Federated States of),Micronesia,East Asia & Pacific,Lower middle income,2011,2011,2020,2030,,50,50,Percent,Electricity ,All technologies,50,Only rural,https://www.ren21.net/wp-content/uploads/2019/05/GSR2012_Full-Report_English.pdf,1,Poon
FSM,Micronesia (Federated States of),Micronesia,East Asia & Pacific,Lower middle income,2020,2011,2020,2030,,30,30,Percent,Electricity ,All technologies,30,,https://www.ren21.net/wp-content/uploads/2019/05/GSR2021_Full_Report.pdf,1,Poon
FSM,Micronesia (Federated States of),Micronesia,East Asia & Pacific,Lower middle income,2022,2011,2030,2030,,70,70,Percent,Electricity ,All technologies,70,,https://unfccc.int/sites/default/files/NDC/2022-10/Updated%20NDC%20of%20the%20MICRONESIA.pdf,1,Poon
FSM,Micronesia (Federated States of),Micronesia,East Asia & Pacific,Lower middle income,2023,2023,2030,2030,,70,70,Percent,Final energy,All technologies,70,,https://www.ren21.net/wp-content/uploads/2019/05/GSR2024_GlobalOverview_Full_Report_with_endnotes_web.pdf,1,Dou
MDA,Moldova (Republic of),Moldova,Europe & Central Asia,Upper middle income,2014,2014,2020,2020,,10,10,Percent,Electricity ,All technologies,10,,https://www.ren21.net/wp-content/uploads/2019/05/GSR2015_Full-Report_English.pdf,1,
MDA,Moldova (Republic of),Moldova,Europe & Central Asia,Upper middle income,2012,2012,2020,2020,,17,17,Percent,Final energy,All technologies,17,,https://www.ren21.net/wp-content/uploads/2019/05/GSR2013_Full-Report_English.pdf,1,Dou
MDA,Moldova (Republic of),Moldova,Europe & Central Asia,Upper middle income,2010,2010,2020,2020,,20,20,Percent,Primary energy,All technologies,,,https://www.ren21.net/wp-content/uploads/2019/05/GSR2011_Full-Report_English.pdf,,Dou
MNG,Mongolia,Mongolia,East Asia & Pacific,Upper middle income,2009,2009,2020,2050,20,25,23,Percent,Electricity ,All technologies,23,,https://www.ren21.net/Portals/0/documents/activities/gsr/REN21_GSR_2010_full_revised%20Sept2010.pdf,1,
MNG,Mongolia,Mongolia,East Asia & Pacific,Upper middle income,2015,2009,2020,2050,,20,20,Percent,Electricity ,All technologies,20,,https://www.ren21.net/wp-content/uploads/2019/05/REN21_GSR2016_FullReport_en_11.pdf,1,
MNG,Mongolia,Mongolia,East Asia & Pacific,Upper middle income,2015,2009,2030,2050,,30,30,Percent,Electricity ,All technologies,30,,https://www.ren21.net/wp-content/uploads/2019/05/REN21_GSR2016_FullReport_en_11.pdf,1,
MNG,Mongolia,Mongolia,East Asia & Pacific,Upper middle income,2016,2009,2050,2050,,100,100,Percent,Electricity ,All technologies,100,,https://www.ren21.net/wp-content/uploads/2019/05/GSR2017_Full-Report_English.pdf,1,
MNG,Mongolia,Mongolia,East Asia & Pacific,Upper middle income,2021,2009,2023,2050,,40,40,Percent,Electricity ,All technologies,40,,https://www.ren21.net/wp-content/uploads/2019/05/GSR2022_Full_Report.pdf,1,
MNG,Mongolia,Mongolia,East Asia & Pacific,Upper middle income,2021,2009,2030,2050,,30,30,Percent,Electricity ,All technologies,30,,https://www.ren21.net/wp-content/uploads/2019/05/GSR2022_Full_Report.pdf,1,
MNG,Mongolia,Mongolia,East Asia & Pacific,Upper middle income,2022,2009,2023,2050,,20,20,Percent,Electricity ,All technologies,20,,https://www.ren21.net/wp-content/uploads/2019/05/GSR-2023_Energy-Supply-Module.pdf,1,
MNG,Mongolia,Mongolia,East Asia & Pacific,Upper middle income,2020,2020,2050,2050,,100,100,Percent,Final energy,All technologies,100,,https://www.ren21.net/wp-content/uploads/2019/05/GSR2021_Full_Report.pdf,1,Dou
MNG,Mongolia,Mongolia,East Asia & Pacific,Upper middle income,2023,2020,2030,2050,,30,30,Percent,Final energy,All technologies,30,,https://www.ren21.net/wp-content/uploads/2019/05/GSR2024_GlobalOverview_Full_Report_with_endnotes_web.pdf,1,Dou
MNG,Mongolia,Mongolia,East Asia & Pacific,Upper middle income,2012,2012,2020,2020,,23,23,Percent,Primary energy,All technologies,,,https://www.ren21.net/wp-content/uploads/2019/05/GSR2013_Full-Report_English.pdf,,Dou
MNG,Mongolia,Montenegro,East Asia & Pacific,Upper middle income,2018,2012,2020,2020,20,25,23,Percent,Primary energy,All technologies,,,https://www.ren21.net/wp-content/uploads/2019/05/gsr_2019_full_report_en.pdf,,Dou
MNE,Montenegro,Montenegro,Europe & Central Asia,Upper middle income,2017,2017,2020,2020,,51,51,Percent,Electricity ,All technologies,51,,https://www.ren21.net/wp-content/uploads/2019/08/Full-Report-2018.pdf,1,Poon
MNE,Montenegro,Montenegro,Europe & Central Asia,Upper middle income,2012,2012,2020,2020,,33,33,Percent,Final energy,All technologies,33,,https://www.ren21.net/wp-content/uploads/2019/05/GSR2013_Full-Report_English.pdf,1,Dou
MAR,Morocco,Morocco,Middle East & North Africa,Lower middle income,2006,2006,2012,2050,,20,20,Percent,Electricity ,All technologies,20,,https://www.ren21.net/wp-content/uploads/2019/05/GSR2007_Full-Report_English.pdf,1,
MAR,Morocco,Morocco,Middle East & North Africa,Lower middle income,2010,2006,2020,2050,,42,42,Percent,Electricity ,All technologies,42,,https://www.ren21.net/wp-content/uploads/2019/05/GSR2011_Full-Report_English.pdf,1,
MAR,Morocco,Morocco,Middle East & North Africa,Lower middle income,2015,2006,2039,2050,,52,52,Percent,Electricity ,All technologies,52,,https://www.ren21.net/wp-content/uploads/2019/05/REN21_GSR2016_FullReport_en_11.pdf,1,
MAR,Morocco,Morocco,Middle East & North Africa,Lower middle income,2016,2006,2030,2050,,52,52,Percent,Electricity ,All technologies,52,,https://www.ren21.net/wp-content/uploads/2019/05/GSR2017_Full-Report_English.pdf,1,
MAR,Morocco,Morocco,Middle East & North Africa,Lower middle income,2016,2006,2050,2050,,100,100,Percent,Electricity ,All technologies,100,,https://www.ren21.net/wp-content/uploads/2019/05/GSR2017_Full-Report_English.pdf,1,
MAR,Morocco,Morocco,Middle East & North Africa,Lower middle income,2009,2009,2012,2012,,10,10,Percent,Final energy,All technologies,10,,https://www.ren21.net/wp-content/uploads/2019/05/GSR2010_Full-Report_English.pdf,1,Dou
MAR,Morocco,Morocco,Middle East & North Africa,Lower middle income,2006,2006,2010,2030,,10,10,Percent,Primary energy,All technologies except biomass,,,https://www.ren21.net/wp-content/uploads/2019/05/GSR2007_Full-Report_English.pdf,,Dou
MAR,Morocco,Morocco,Middle East & North Africa,Lower middle income,2008,2006,2012,2030,,8,8,Percent,Primary energy,All technologies,,,https://www.ren21.net/wp-content/uploads/2019/05/GSR2009_Full-Report_English.pdf,,Dou
MAR,Morocco,Morocco,Middle East & North Africa,Lower middle income,2011,2006,2020,2030,,11,11,Percent,Primary energy,All technologies,,,https://www.ren21.net/wp-content/uploads/2019/05/GSR2012_Full-Report_English.pdf,,Dou
MAR,Morocco,Morocco,Middle East & North Africa,Lower middle income,2011,2006,2030,2030,,18,18,Percent,Primary energy,All technologies,,,https://www.ren21.net/wp-content/uploads/2019/05/GSR2012_Full-Report_English.pdf,,Dou
MAR,Morocco,Morocco,Middle East & North Africa,Lower middle income,2021,2006,2025,2030,,52,52,Percent,Primary energy,All technologies,,,https://www.ren21.net/wp-content/uploads/2019/05/GSR2022_Full_Report.pdf,,Dou
MAR,Morocco,Morocco,Middle East & North Africa,Lower middle income,2021,2006,2030,2030,,64,64,Percent,Primary energy,All technologies,,,https://www.ren21.net/wp-content/uploads/2019/05/GSR2022_Full_Report.pdf,,Dou
MOZ,Mozambique,Mozambique,Sub-Saharan Africa,Low income,2021,2021,2030,2030,,62,62,Percent,Electricity ,All technologies,62,,https://www.ren21.net/wp-content/uploads/2019/05/GSR2022_Full_Report.pdf,1,
MOZ,Mozambique,Mozambique,Sub-Saharan Africa,Low income,2023,2023,2030,2030,,62,62,Percent,Final energy,All technologies,62,,https://www.ren21.net/wp-content/uploads/2019/05/GSR2024_GlobalOverview_Full_Report_with_endnotes_web.pdf,1,Dou
MMR,Myanmar,Myanmar,East Asia & Pacific,Lower middle income,2015,2015,2020,2030,15,18,17,Percent,Electricity ,All technologies,17,,https://www.ren21.net/wp-content/uploads/2019/05/REN21_GSR2016_FullReport_en_11.pdf,1,
MMR,Myanmar,Myanmar,East Asia & Pacific,Lower middle income,2020,2015,2030,2030,,9,9,Percent,Electricity ,All technologies,9,,https://www.ren21.net/wp-content/uploads/2019/05/GSR2021_Full_Report.pdf,1,Poon
MMR,Myanmar,Myanmar,East Asia & Pacific,Lower middle income,2023,2023,2030,2030,,12,12,Percent,Final energy,All technologies,12,,https://www.ren21.net/wp-content/uploads/2019/05/GSR2024_GlobalOverview_Full_Report_with_endnotes_web.pdf,1,Dou
MMR,Myanmar,Myanmar,East Asia & Pacific,Lower middle income,2021,2021,2030,2030,,12,12,Percent,Primary energy,All technologies,,,https://www.ren21.net/wp-content/uploads/2019/05/GSR2022_Full_Report.pdf,,Dou
NAM,Namibia,Namibia,Sub-Saharan Africa,Upper middle income,2014,2014,2020,2030,,10,10,Percent,Electricity ,All technologies,10,,https://www.ren21.net/wp-content/uploads/2019/05/GSR2015_Full-Report_English.pdf,1,Poon
NAM,Namibia,Namibia,Sub-Saharan Africa,Upper middle income,2015,2014,2030,2030,,70,70,Percent,Electricity ,All technologies,70,,https://www.ren21.net/wp-content/uploads/2019/05/REN21_GSR2016_FullReport_en_11.pdf,1,
NRU,Nauru,Nauru,East Asia & Pacific,High income,2014,2014,2015,2050,,50,50,Percent,Final energy,All technologies,50,,https://www.ren21.net/wp-content/uploads/2019/05/GSR2015_Full-Report_English.pdf,1,Dou
NRU,Nauru,Nauru,East Asia & Pacific,High income,2022,2014,2050,2050,,100,100,Percent,Final energy,All technologies,100,,https://www.ren21.net/wp-content/uploads/2019/05/GSR2023_GlobalOverview_Full_Report_with_endnotes_web.pdf,1,Dou
NRU,Nauru,Nauru,East Asia & Pacific,High income,2021,2021,2050,2050,,100,100,Percent,Primary energy,All technologies,,,https://www.ren21.net/wp-content/uploads/2019/05/GSR2022_Full_Report.pdf,,Dou
NPL,Nepal,Nepal,South Asia,Lower middle income,2010,2010,2013,2050,,7,7,Percent,Electricity ,All technologies,7,,https://www.ren21.net/wp-content/uploads/2019/05/GSR2011_Full-Report_English.pdf,1,Poon
NPL,Nepal,Nepal,South Asia,Lower middle income,2016,2010,2050,2050,,100,100,Percent,Electricity ,All technologies,100,,https://www.ren21.net/wp-content/uploads/2019/05/GSR2017_Full-Report_English.pdf,1,
NPL,Nepal,Nepal,South Asia,Lower middle income,2021,2010,2030,2050,,36,36,Percent,Electricity ,All technologies,36,,https://www.ren21.net/wp-content/uploads/2019/05/GSR2022_Full_Report.pdf,1,
NPL,Nepal,Nepal,South Asia,Lower middle income,2023,2023,2030,2030,,39,39,Percent,Final energy,All technologies,39,,https://www.ren21.net/wp-content/uploads/2019/05/GSR2024_GlobalOverview_Full_Report_with_endnotes_web.pdf,1,Dou
NPL,Nepal,Nepal,South Asia,Lower middle income,2014,2014,2030,2030,,10,10,Percent,Primary energy,All technologies,,,https://www.ren21.net/wp-content/uploads/2019/05/GSR2015_Full-Report_English.pdf,,Dou
NPL,Nepal,Nepal,South Asia,Lower middle income,2021,2014,2030,2030,,39,39,Percent,Primary energy,All technologies,,,https://www.ren21.net/wp-content/uploads/2019/05/GSR2022_Full_Report.pdf,,Dou
NLD,Netherlands,Netherlands,Europe & Central Asia,High income,2001,2001,2010,2030,,9,9,Percent,Electricity ,All technologies ,9,,https://eur-lex.europa.eu/legal-content/EN/TXT/PDF/?uri=CELEX:32001L0077&from=EN,1,
NLD,Netherlands,Netherlands,Europe & Central Asia,High income,2004,2001,2010,2030,,12,12,Percent,Electricity ,All technologies ,12,,https://www.ren21.net/wp-content/uploads/2019/05/GSR2005_Full-Report_English.pdf,1,
NLD,Netherlands,Netherlands,Europe & Central Asia,High income,2013,2001,2020,2030,,37,37,Percent,Electricity ,All technologies ,37,,https://www.ren21.net/wp-content/uploads/2019/05/GSR2014_Full-Report_English.pdf,1,
NLD,Netherlands,Netherlands,Europe & Central Asia,High income,2019,2001,2030,2030,,71,71,Percent,Electricity ,All technologies ,71,,https://ember-energy.org/data/live-eu-necp-tracker/#data-tool,1,Poon
NLD,Netherlands,Netherlands,Europe & Central Asia,High income,2023,2001,2030,2030,,79,79,Percent,Electricity ,All technologies ,79,,https://ember-energy.org/data/live-eu-necp-tracker/#data-tool,1,Poon
NLD,Netherlands,Netherlands,Europe & Central Asia,High income,2006,2006,2020,2030,,14,14,Percent,Final energy,All technologies,14,,https://www.ren21.net/wp-content/uploads/2019/05/GSR2007_Full-Report_English.pdf,1,Dou
NLD,Netherlands,Netherlands,Europe & Central Asia,High income,2013,2006,2020,2030,,16,16,Percent,Final energy,All technologies,16,,https://www.ren21.net/wp-content/uploads/2019/05/GSR2014_Full-Report_English.pdf,1,Dou
NLD,Netherlands,Netherlands,Europe & Central Asia,High income,2020,2006,2030,2030,,27,27,Percent,Final energy,All technologies,27,,https://www.ren21.net/wp-content/uploads/2019/05/GSR2021_Full_Report.pdf,1,Dou
NLD,Netherlands,Netherlands,Europe & Central Asia,High income,2004,2004,2020,2030,,10,10,Percent,Primary energy,All technologies,,,https://www.ren21.net/wp-content/uploads/2019/05/GSR2006_Full-Report_English.pdf,,Dou
NLD,Netherlands,Netherlands,Europe & Central Asia,High income,2021,2004,2030,2030,27,35,31,Percent,Primary energy,All technologies,,,https://www.ren21.net/wp-content/uploads/2019/05/GSR2022_Full_Report.pdf,,Dou
NZL,New Zealand,New Zealand,East Asia & Pacific,High income,2006,2006,2025,2030,,90,90,Percent,Electricity ,All technologies ,90,,https://www.rieti.go.jp/en/events/bbl/10052501_reference1.pdf,1,
NZL,New Zealand,New Zealand,East Asia & Pacific,High income,2020,2006,2030,2030,,100,100,Percent,Electricity ,All technologies ,100,,https://www.ren21.net/wp-content/uploads/2019/05/GSR2021_Full_Report.pdf,1,Poon
NZL,New Zealand,New Zealand,East Asia & Pacific,High income,2023,2023,2035,2035,,50,50,Percent,Final energy,All technologies,50,,https://www.ren21.net/wp-content/uploads/2019/05/GSR2024_GlobalOverview_Full_Report_with_endnotes_web.pdf,1,Dou
NIC,Nicaragua,Nicaragua,Latin America & Caribbean,Lower middle income,2009,2009,2011,2027,,38,38,Percent,Electricity ,All technologies,38,,https://www.ren21.net/Portals/0/documents/activities/gsr/REN21_GSR_2010_full_revised%20Sept2010.pdf,1,
NIC,Nicaragua,Nicaragua,Latin America & Caribbean,Lower middle income,2013,2009,2018,2027,,74,74,Percent,Electricity ,All technologies,74,,https://www.ren21.net/wp-content/uploads/2019/05/GSR2014_Full-Report_English.pdf,1,
NIC,Nicaragua,Nicaragua,Latin America & Caribbean,Lower middle income,2013,2009,2020,2027,,90,90,Percent,Electricity ,All technologies,90,,https://www.ren21.net/wp-content/uploads/2019/05/GSR2014_Full-Report_English.pdf,1,
NIC,Nicaragua,Nicaragua,Latin America & Caribbean,Lower middle income,2014,2009,2027,2027,,90,90,Percent,Electricity ,All technologies,90,,https://www.ren21.net/wp-content/uploads/2019/05/GSR2015_Full-Report_English.pdf,1,
NER,Niger,Niger,Sub-Saharan Africa,Low income,2009,2009,2020,2050,,10,10,Percent,Electricity ,All technologies,10,,https://www.ren21.net/Portals/0/documents/activities/gsr/REN21_GSR_2010_full_revised%20Sept2010.pdf,1,
NER,Niger,Niger,Sub-Saharan Africa,Low income,2016,2009,2050,2050,,100,100,Percent,Electricity ,All technologies,100,,https://www.ren21.net/wp-content/uploads/2019/05/GSR2017_Full-Report_English.pdf,1,
NER,Niger,Niger,Sub-Saharan Africa,Low income,2020,2009,2020,2050,,8,8,Percent,Electricity ,All technologies,8,,https://www.ren21.net/wp-content/uploads/2019/05/GSR2021_Full_Report.pdf,1,Poon
NER,Niger,Niger,Sub-Saharan Africa,Low income,2020,2020,2030,2030,,30,30,Percent,Final energy,All technologies,30,,https://www.ren21.net/wp-content/uploads/2019/05/GSR2021_Full_Report.pdf,1,Dou
NER,Niger,Niger,Sub-Saharan Africa,Low income,2010,2010,2020,2020,,10,10,Percent,Primary energy,All technologies,,,https://www.ren21.net/wp-content/uploads/2019/05/GSR2011_Full-Report_English.pdf,,Dou
NGA,Nigeria,Nigeria,Sub-Saharan Africa,Lower middle income,2006,2006,2025,2030,,7,7,Percent,Electricity ,All technologies,7,,https://www.ren21.net/wp-content/uploads/2019/05/GSR2006_Full-Report_English.pdf,1,
NGA,Nigeria,Nigeria,Sub-Saharan Africa,Lower middle income,2009,2006,2020,2030,,7,7,Percent,Electricity ,All technologies,7,,https://www.ren21.net/Portals/0/documents/activities/gsr/REN21_GSR_2010_full_revised%20Sept2010.pdf,1,
NGA,Nigeria,Nigeria,Sub-Saharan Africa,Lower middle income,2011,2006,2025,2030,,18,18,Percent,Electricity ,All technologies,18,,https://www.ren21.net/Portals/0/documents/activities/gsr/GSR2012.pdf,1,Poon
NGA,Nigeria,Nigeria,Sub-Saharan Africa,Lower middle income,2011,2006,2030,2030,,20,20,Percent,Electricity ,All technologies,20,,https://www.ren21.net/Portals/0/documents/activities/gsr/GSR2012.pdf,1,
NGA,Nigeria,Nigeria,Sub-Saharan Africa,Lower middle income,2012,2006,2015,2030,,5,5,Percent,Electricity ,All technologies,5,,https://www.ren21.net/wp-content/uploads/2019/05/GSR2013_Full-Report_English.pdf,1,
NGA,Nigeria,Nigeria,Sub-Saharan Africa,Lower middle income,2012,2006,2025,2030,,10,10,Percent,Electricity ,All technologies,10,,https://www.ren21.net/wp-content/uploads/2019/05/GSR2013_Full-Report_English.pdf,1,
NGA,Nigeria,Nigeria,Sub-Saharan Africa,Lower middle income,2013,2006,2020,2030,,10,10,Percent,Electricity ,All technologies except large hydro,10,,https://www.ren21.net/wp-content/uploads/2019/05/GSR2014_Full-Report_English.pdf,2,
NGA,Nigeria,Nigeria,Sub-Saharan Africa,Lower middle income,2020,2006,2030,2030,,30,30,Percent,Electricity ,All technologies,30,,https://www.ren21.net/wp-content/uploads/2019/05/GSR2021_Full_Report.pdf,1,Poon
NGA,Nigeria,Nigeria,Sub-Saharan Africa,Lower middle income,2023,2023,2030,2030,,36,36,Percent,Final energy,All technologies,36,,https://www.ren21.net/wp-content/uploads/2019/05/GSR2024_GlobalOverview_Full_Report_with_endnotes_web.pdf,1,Dou
NGA,Nigeria,Nigeria,Sub-Saharan Africa,Lower middle income,2009,2009,2012,2012,,20,20,Percent,Primary energy,All technologies,,,https://www.ren21.net/wp-content/uploads/2019/05/GSR2010_Full-Report_English.pdf,,Dou
MKD,North Macedonia,North Macedonia,Europe & Central Asia,Upper middle income,2014,2014,2020,2030,,25,25,Percent,Electricity ,All technologies,25,,https://www.ren21.net/wp-content/uploads/2019/05/GSR2015_Full-Report_English.pdf,1,
MKD,North Macedonia,North Macedonia,Europe & Central Asia,Upper middle income,2020,2014,2020,2030,,27,27,Percent,Electricity ,All technologies,27,,https://www.ren21.net/wp-content/uploads/2019/05/GSR2021_Full_Report.pdf,1,Poon
MKD,North Macedonia,North Macedonia,Europe & Central Asia,Upper middle income,2021,2014,2030,2030,,66,66,Percent,Electricity ,All technologies,66,,https://www.ren21.net/wp-content/uploads/2019/05/GSR2022_Full_Report.pdf,1,
MKD,North Macedonia,North Macedonia,Europe & Central Asia,Upper middle income,2012,2012,2020,2040,,28,28,Percent,Final energy,All technologies,28,,https://www.ren21.net/wp-content/uploads/2019/05/GSR2013_Full-Report_English.pdf,1,Dou
MKD,North Macedonia,North Macedonia,Europe & Central Asia,Upper middle income,2020,2012,2040,2040,35,45,40,Percent,Final energy,All technologies,40,,https://www.ren21.net/wp-content/uploads/2019/05/GSR2021_Full_Report.pdf,1,Dou
MKD,North Macedonia,North Macedonia,Europe & Central Asia,Upper middle income,2023,2012,2040,2040,,45,45,Percent,Final energy,All technologies,45,,https://www.ren21.net/wp-content/uploads/2019/05/GSR2024_GlobalOverview_Full_Report_with_endnotes_web.pdf,1,Dou
MKD,North Macedonia,North Macedonia,Europe & Central Asia,Upper middle income,2021,2021,2030,2040,,32,32,Percent,Primary energy,All technologies,,,https://www.ren21.net/wp-content/uploads/2019/05/GSR2022_Full_Report.pdf,,Dou
MKD,North Macedonia,North Macedonia,Europe & Central Asia,Upper middle income,2021,2021,2040,2040,,43,43,Percent,Primary energy,All technologies,,,https://www.ren21.net/wp-content/uploads/2019/05/GSR2022_Full_Report.pdf,,Dou
NOR,Norway,Norway,Europe & Central Asia,High income,2021,2021,2050,2050,,91,91,Percent,Electricity ,All technologies ,91,,https://www.ren21.net/wp-content/uploads/2019/05/GSR2022_Full_Report.pdf,1,
NOR,Norway,Norway,Europe & Central Asia,High income,2022,2021,2050,2050,,78,78,Percent,Electricity ,All technologies ,78,,https://www.ren21.net/wp-content/uploads/2019/05/GSR-2023_Energy-Supply-Module.pdf,1,Poon
NOR,Norway,Norway,Europe & Central Asia,High income,2011,2011,2020,2020,,68,68,Percent,Final energy,All technologies,68,,https://www.ren21.net/wp-content/uploads/2019/05/GSR2012_Full-Report_English.pdf,1,Dou
NOR,Norway,Norway,Europe & Central Asia,High income,2021,2021,2050,2050,,78,78,Percent,Primary energy,All technologies,,,https://www.ren21.net/wp-content/uploads/2019/05/GSR2022_Full_Report.pdf,,Dou
OMN,Oman,Oman,Middle East & North Africa,High income,2019,2019,2020,2030,,10,10,Percent,Electricity ,All technologies,10,,https://www.ren21.net/wp-content/uploads/2019/05/gsr_2020_full_report_en.pdf,1,Poon
OMN,Oman,Oman,Middle East & North Africa,High income,2020,2019,2030,2030,,30,30,Percent,Electricity ,All technologies,30,,https://www.ren21.net/wp-content/uploads/2019/05/GSR2021_Full_Report.pdf,1,Poon
OMN,Oman,Oman,Middle East & North Africa,High income,2021,2021,2040,2040,35,39,37,Percent,Final energy,All technologies,37,,https://unfccc.int/sites/default/files/NDC/2022-06/Second%20NDC%20Report%20Oman.pdf,1,Poon
PAK,Pakistan,Pakistan,South Asia,Lower middle income,2005,2005,2030,2030,,5,5,Percent,Electricity ,All technologies,5,,https://www.ren21.net/wp-content/uploads/2019/05/GSR2006_Full-Report_English.pdf,1,
PAK,Pakistan,Pakistan,South Asia,Lower middle income,2007,2005,2015,2030,,10,10,Percent,Electricity ,All technologies,10,,https://www.ren21.net/Portals/0/documents/activities/gsr/RE2007_Global_Status_Report.pdf,1,
PAK,Pakistan,Pakistan,South Asia,Lower middle income,2009,2005,2012,2030,,10,10,Percent,Electricity ,All technologies except hydro,10,,https://www.ren21.net/Portals/0/documents/activities/gsr/REN21_GSR_2010_full_revised%20Sept2010.pdf,2,
PAK,Pakistan,Pakistan,South Asia,Lower middle income,2021,2005,2025,2030,,20,20,Percent,Electricity ,All technologies,20,,https://www.ren21.net/wp-content/uploads/2019/05/GSR2022_Full_Report.pdf,1,Poon
PAK,Pakistan,Pakistan,South Asia,Lower middle income,2021,2005,2030,2030,,30,30,Percent,Electricity ,All technologies except hydro,30,,https://www.ren21.net/wp-content/uploads/2019/05/GSR2022_Full_Report.pdf,2,
PAK,Pakistan,Pakistan,South Asia,Lower middle income,2021,2005,2030,2030,,60,60,Percent,Electricity ,All technologies,60,,"https://www.giz.de/en/worldwide/143555.html#:~:text=Context,causing%20large%2Dscale%20power%20outages.",1,Poon
PAK,Pakistan,Pakistan,South Asia,Lower middle income,2020,2020,2030,2030,,5,5,Percent,Final energy,All technologies,5,,https://www.ren21.net/wp-content/uploads/2019/05/GSR2021_Full_Report.pdf,1,Dou
PAK,Pakistan,Pakistan,South Asia,Lower middle income,2008,2008,2012,2012,,10,10,Percent,Primary energy,All technologies,,,https://www.ren21.net/wp-content/uploads/2019/05/GSR2009_Full-Report_English.pdf,,Dou
PLW,Palau,Palau,East Asia & Pacific,High income,2016,2016,2050,2050,,100,100,Percent,Electricity ,All technologies,100,,https://www.ren21.net/wp-content/uploads/2019/05/GSR2017_Full-Report_English.pdf,1,
PLW,Palau,Palau,East Asia & Pacific,High income,2020,2016,2020,2050,,20,20,Percent,Electricity ,All technologies,20,,https://www.ren21.net/wp-content/uploads/2019/05/GSR2021_Full_Report.pdf,1,Poon
PLW,Palau,Palau,East Asia & Pacific,High income,2020,2016,2025,2050,,45,45,Percent,Electricity ,All technologies,45,,https://www.ren21.net/wp-content/uploads/2019/05/GSR2021_Full_Report.pdf,1,Poon
PLW,Palau,Palau,East Asia & Pacific,High income,2011,2011,2020,2020,,20,20,Percent,Primary energy,All technologies,,,https://www.ren21.net/wp-content/uploads/2019/05/GSR2012_Full-Report_English.pdf,,Dou
PAN,Panama,Panama,Latin America & Caribbean,High income,2023,2023,2030,2050,,15,15,Percent,Electricity ,All technologies,15,,https://www.iea.org/countries/panama,1,
PAN,Panama,Panama,Latin America & Caribbean,High income,2023,2023,2050,2050,,50,50,Percent,Electricity ,All technologies,50,,https://www.iea.org/countries/panama,1,
PAN,Panama,Panama,Latin America & Caribbean,High income,2023,2023,2050,2050,,50,50,Percent,Final energy,All technologies,50,,https://www.ren21.net/wp-content/uploads/2019/05/GSR2024_GlobalOverview_Full_Report_with_endnotes_web.pdf,1,Dou
PAN,Panama,Panama,Latin America & Caribbean,High income,2014,2014,2023,2050,,18,18,Percent,Primary energy,All technologies,,,https://www.ren21.net/wp-content/uploads/2019/05/GSR2015_Full-Report_English.pdf,,Dou
PAN,Panama,Panama,Latin America & Caribbean,High income,2018,2014,2050,2050,,30,30,Percent,Primary energy,All technologies,,,https://www.ren21.net/wp-content/uploads/2019/05/gsr_2019_full_report_en.pdf,,Dou
PNG,Papua New Guinea,Papua New Guinea,East Asia & Pacific,Lower middle income,2015,2015,2030,2030,,100,100,Percent,Electricity ,All technologies,100,,https://www.ren21.net/wp-content/uploads/2019/05/REN21_GSR2016_FullReport_en_11.pdf,1,
PNG,Papua New Guinea,Papua New Guinea,East Asia & Pacific,Lower middle income,2020,2020,2050,2050,,100,100,Percent,Final energy,All technologies,100,,https://www.ren21.net/wp-content/uploads/2019/05/GSR2021_Full_Report.pdf,1,Dou
PRY,Paraguay,Paraguay,Latin America & Caribbean,Upper middle income,2015,2015,2030,2030,,60,60,Percent additional,Electricity ,All technologies,160,"Base year 2014, current RE in 2014 99.98%",https://www.ren21.net/wp-content/uploads/2019/05/REN21_GSR2016_FullReport_en_11.pdf,1,Poon
PER,Peru,Peru,Latin America & Caribbean,Upper middle income,2009,2009,2013,2030,,5,5,Percent,Electricity ,All technologies,5,,https://www.ren21.net/Portals/0/documents/activities/gsr/REN21_GSR_2010_full_revised%20Sept2010.pdf,1,
PER,Peru,Peru,Latin America & Caribbean,Upper middle income,2014,2009,2025,2030,,60,60,Percent,Electricity ,All technologies,60,,https://www.ren21.net/wp-content/uploads/2019/05/GSR2015_Full-Report_English.pdf,1,
PER,Peru,Peru,Latin America & Caribbean,Upper middle income,2018,2009,2030,2030,,15,15,Percent,Electricity ,All technologies,15,,https://www.ren21.net/wp-content/uploads/2019/05/gsr_2019_full_report_en.pdf,1,Poon
PER,Peru,Peru,Latin America & Caribbean,Upper middle income,2019,2009,2030,2030,,70,70,Percent,Electricity ,All technologies,70,,https://www.ren21.net/wp-content/uploads/2019/05/gsr_2020_full_report_en.pdf,1,
PER,Peru,Peru,Latin America & Caribbean,Upper middle income,2018,2018,2030,2030,,15,15,Percent,Final energy,All technologies,15,,https://www.ren21.net/wp-content/uploads/2019/05/gsr_2019_full_report_en.pdf,1,Dou
PHL,Philippines,Philippines,East Asia & Pacific,Lower middle income,2009,2009,2013,2050,,5,5,Percent,Electricity ,All technologies,5,,https://www.ren21.net/Portals/0/documents/activities/gsr/REN21_GSR_2010_full_revised%20Sept2010.pdf,1,
PHL,Philippines,Philippines,East Asia & Pacific,Lower middle income,2010,2009,2020,2050,,40,40,Percent,Electricity ,All technologies,40,,https://www.ren21.net/wp-content/uploads/2019/05/GSR2011_Full-Report_English.pdf,1,
PHL,Philippines,Philippines,East Asia & Pacific,Lower middle income,2016,2009,2050,2050,,100,100,Percent,Electricity ,All technologies,100,,https://www.ren21.net/wp-content/uploads/2019/05/GSR2017_Full-Report_English.pdf,1,
PHL,Philippines,Philippines,East Asia & Pacific,Lower middle income,2021,2009,2030,2050,,37,37,Percent,Electricity ,All technologies,37,,https://www.ren21.net/wp-content/uploads/2019/05/GSR2022_Full_Report.pdf,1,
PHL,Philippines,Philippines,East Asia & Pacific,Lower middle income,2021,2009,2040,2050,,56,56,Percent,Electricity ,All technologies,56,,https://www.ren21.net/wp-content/uploads/2019/05/GSR2022_Full_Report.pdf,1,
PHL,Philippines,Philippines,East Asia & Pacific,Lower middle income,2022,2009,2030,2050,,15,15,Percent,Electricity ,All technologies,15,,https://www.ren21.net/wp-content/uploads/2019/05/GSR-2023_Energy-Supply-Module.pdf,1,Poon
PHL,Philippines,Philippines,East Asia & Pacific,Lower middle income,2022,2009,2030,2050,,35,35,Percent,Electricity ,All technologies,35,,https://www.ren21.net/wp-content/uploads/2019/05/GSR-2023_Energy-Supply-Module.pdf,1,Poon
PHL,Philippines,Philippines,East Asia & Pacific,Lower middle income,2022,2009,2040,2050,,50,50,Percent,Electricity ,All technologies,50,,https://www.ren21.net/wp-content/uploads/2019/05/GSR-2023_Energy-Supply-Module.pdf,1,Poon
PHL,Philippines,Philippines,East Asia & Pacific,Lower middle income,2020,2020,2050,2050,,100,100,Percent,Final energy,All technologies,100,,https://www.ren21.net/wp-content/uploads/2019/05/GSR2021_Full_Report.pdf,1,Dou
PHL,Philippines,Philippines,East Asia & Pacific,Lower middle income,2021,2021,2030,2040,,35,35,Percent,Primary energy,All technologies,,,https://www.ren21.net/wp-content/uploads/2019/05/GSR2022_Full_Report.pdf,,Dou
PHL,Philippines,Philippines,East Asia & Pacific,Lower middle income,2021,2021,2040,2040,,50,50,Percent,Primary energy,All technologies,,,https://www.ren21.net/wp-content/uploads/2019/05/GSR2022_Full_Report.pdf,,Dou
POL,Poland,Poland,Europe & Central Asia,High income,2004,2004,2010,2030,,8,8,Percent,Electricity ,All technologies ,8,,https://www.ren21.net/wp-content/uploads/2019/05/GSR2005_Full-Report_English.pdf,1,
POL,Poland,Poland,Europe & Central Asia,High income,2013,2004,2020,2030,,19,19,Percent,Electricity ,All technologies ,19,,https://www.ren21.net/wp-content/uploads/2019/05/GSR2014_Full-Report_English.pdf,1,
POL,Poland,Poland,Europe & Central Asia,High income,2019,2004,2030,2030,,32,32,Percent,Electricity ,All technologies ,32,,https://ember-energy.org/data/live-eu-necp-tracker/#data-tool,1,Poon
POL,Poland,Poland,Europe & Central Asia,High income,2023,2004,2030,2030,,51,51,Percent,Electricity ,All technologies ,51,,https://ember-energy.org/data/live-eu-necp-tracker/#data-tool,1,Poon
POL,Poland,Poland,Europe & Central Asia,High income,2006,2006,2020,2030,,15,15,Percent,Final energy,All technologies,15,,https://www.ren21.net/wp-content/uploads/2019/05/GSR2007_Full-Report_English.pdf,1,Dou
POL,Poland,Poland,Europe & Central Asia,High income,2014,2006,2020,2030,,16,16,Percent,Final energy,All technologies,16,,https://www.ren21.net/wp-content/uploads/2019/05/GSR2015_Full-Report_English.pdf,1,Dou
POL,Poland,Poland,Europe & Central Asia,High income,2020,2006,2030,2030,,21,21,Percent,Final energy,All technologies,21,,https://www.ren21.net/wp-content/uploads/2019/05/GSR2021_Full_Report.pdf,1,Dou
POL,Poland,Poland,Europe & Central Asia,High income,2023,2006,2030,2030,,22,22,Percent,Final energy,All technologies,22,,https://www.ren21.net/wp-content/uploads/2019/05/GSR2024_GlobalOverview_Full_Report_with_endnotes_web.pdf,1,Dou
POL,Poland,Poland,Europe & Central Asia,High income,2004,2004,2010,2020,,8,8,Percent,Primary energy,All technologies,,,https://www.ren21.net/wp-content/uploads/2019/05/GSR2005_Full-Report_English.pdf,,Dou
POL,Poland,Poland,Europe & Central Asia,High income,2006,2004,2020,2020,,14,14,Percent,Primary energy,All technologies,,,https://www.ren21.net/wp-content/uploads/2019/05/GSR2007_Full-Report_English.pdf,,Dou
POL,Poland,Poland,Europe & Central Asia,High income,2011,2004,2020,2020,,12,12,Percent,Primary energy,All technologies,,,https://www.ren21.net/wp-content/uploads/2019/05/GSR2012_Full-Report_English.pdf,,Dou
PRT,Portugal,Portugal,Europe & Central Asia,High income,2001,2001,2010,2030,,39,39,Percent,Electricity ,All technologies ,39,,https://eur-lex.europa.eu/legal-content/EN/TXT/PDF/?uri=CELEX:32001L0077&from=EN,1,
PRT,Portugal,Portugal,Europe & Central Asia,High income,2004,2001,2010,2030,,46,46,Percent,Electricity ,All technologies ,46,,https://www.ren21.net/wp-content/uploads/2019/05/GSR2005_Full-Report_English.pdf,1,
PRT,Portugal,Portugal,Europe & Central Asia,High income,2012,2001,2020,2030,,59,59,Percent,Electricity ,All technologies ,59,,https://www.ren21.net/wp-content/uploads/2019/05/GSR2013_Full-Report_English.pdf,1,
PRT,Portugal,Portugal,Europe & Central Asia,High income,2013,2001,2020,2030,,45,45,Percent,Electricity ,All technologies ,45,,https://www.ren21.net/wp-content/uploads/2019/05/GSR2014_Full-Report_English.pdf,1,
PRT,Portugal,Portugal,Europe & Central Asia,High income,2016,2001,2020,2030,,60,60,Percent,Electricity ,All technologies ,60,,https://www.ren21.net/wp-content/uploads/2019/05/GSR2017_Full-Report_English.pdf,1,
PRT,Portugal,Portugal,Europe & Central Asia,High income,2019,2001,2030,2030,,88,88,Percent,Electricity ,All technologies ,88,,https://ember-energy.org/data/live-eu-necp-tracker/#data-tool,1,Poon
PRT,Portugal,Portugal,Europe & Central Asia,High income,2023,2001,2030,2030,,96,96,Percent,Electricity ,All technologies ,96,,https://ember-energy.org/data/live-eu-necp-tracker/#data-tool,1,Poon
PRT,Portugal,Portugal,Europe & Central Asia,High income,2009,2009,2020,2030,,31,31,Percent,Final energy,All technologies,31,,https://www.ren21.net/wp-content/uploads/2019/05/GSR2010_Full-Report_English.pdf,1,Dou
PRT,Portugal,Portugal,Europe & Central Asia,High income,2015,2009,2030,2030,,40,40,Percent,Final energy,All technologies,40,,https://www.ren21.net/wp-content/uploads/2019/05/REN21_GSR2016_FullReport_en_11.pdf,1,Dou
PRT,Portugal,Portugal,Europe & Central Asia,High income,2018,2009,2030,2030,,47,47,Percent,Final energy,All technologies,47,,https://www.ren21.net/wp-content/uploads/2019/05/gsr_2019_full_report_en.pdf,1,Dou
PRT,Portugal,Portugal,Europe & Central Asia,High income,2023,2009,2030,2030,,49,49,Percent,Final energy,All technologies,49,,https://www.ren21.net/wp-content/uploads/2019/05/GSR2024_GlobalOverview_Full_Report_with_endnotes_web.pdf,1,Dou
QAT,Qatar,Qatar,Middle East & North Africa,High income,2012,2012,2030,2030,,20,20,Percent,Electricity ,All technologies,20,,https://www.ren21.net/wp-content/uploads/2019/05/GSR2013_Full-Report_English.pdf,1,
QAT,Qatar,Qatar,Middle East & North Africa,High income,2013,2012,2020,2030,,2,2,Percent,Electricity ,All technologies,2,,https://www.ren21.net/wp-content/uploads/2019/05/GSR2014_Full-Report_English.pdf,1,
QAT,Qatar,Qatar,Middle East & North Africa,High income,2020,2012,2020,2030,,6,6,Percent,Electricity ,All technologies,6,,https://www.ren21.net/wp-content/uploads/2019/05/GSR2021_Full_Report.pdf,1,Poon
ROU,Romania,Romania,Europe & Central Asia,High income,2010,2010,2015,2030,,35,35,Percent,Electricity ,All technologies,35,,https://www.ren21.net/wp-content/uploads/2019/05/GSR2011_Full-Report_English.pdf,1,
ROU,Romania,Romania,Europe & Central Asia,High income,2010,2010,2020,2030,,38,38,Percent,Electricity ,All technologies,38,,https://www.ren21.net/wp-content/uploads/2019/05/GSR2011_Full-Report_English.pdf,1,
ROU,Romania,Romania,Europe & Central Asia,High income,2011,2010,2020,2030,,43,43,Percent,Electricity ,All technologies,43,,https://www.ren21.net/Portals/0/documents/activities/gsr/GSR2012.pdf,1,
ROU,Romania,Romania,Europe & Central Asia,High income,2019,2010,2030,2030,,70,70,Percent,Electricity ,All technologies ,70,,https://ember-energy.org/data/live-eu-necp-tracker/#data-tool,1,Poon
ROU,Romania,Romania,Europe & Central Asia,High income,2023,2010,2030,2030,,81,81,Percent,Electricity ,All technologies ,81,,https://ember-energy.org/data/live-eu-necp-tracker/#data-tool,1,Poon
ROU,Romania,Romania,Europe & Central Asia,High income,2009,2009,2020,2030,,24,24,Percent,Final energy,All technologies,24,,https://www.ren21.net/wp-content/uploads/2019/05/GSR2010_Full-Report_English.pdf,1,Dou
ROU,Romania,Romania,Europe & Central Asia,High income,2020,2009,2030,2030,,31,31,Percent,Final energy,All technologies,31,,https://www.ren21.net/wp-content/uploads/2019/05/GSR2021_Full_Report.pdf,1,Dou
ROU,Romania,Romania,Europe & Central Asia,High income,2023,2009,2030,2030,,34,34,Percent,Final energy,All technologies,34,,https://www.ren21.net/wp-content/uploads/2019/05/GSR2024_GlobalOverview_Full_Report_with_endnotes_web.pdf,1,Dou
ROU,Romania,Romania,Europe & Central Asia,High income,2021,2021,2022,2030,,25,25,Percent,Primary energy,All technologies,,,https://www.ren21.net/wp-content/uploads/2019/05/GSR2022_Full_Report.pdf,,Dou
ROU,Romania,Romania,Europe & Central Asia,High income,2021,2021,2025,2030,,27,27,Percent,Primary energy,All technologies,,,https://www.ren21.net/wp-content/uploads/2019/05/GSR2022_Full_Report.pdf,,Dou
ROU,Romania,Romania,Europe & Central Asia,High income,2021,2021,2028,2030,,28,28,Percent,Primary energy,All technologies,,,https://www.ren21.net/wp-content/uploads/2019/05/GSR2022_Full_Report.pdf,,Dou
ROU,Romania,Romania,Europe & Central Asia,High income,2021,2021,2030,2030,,31,31,Percent,Primary energy,All technologies,,,https://www.ren21.net/wp-content/uploads/2019/05/GSR2022_Full_Report.pdf,,Dou
RUS,Russian Federation,Russia,Europe & Central Asia,High income,2006,2006,2010,2024,,2,2,Percent,Electricity ,All technologies except large hydro,2,,https://www.ren21.net/wp-content/uploads/2019/05/GSR2007_Full-Report_English.pdf,2,Poon
RUS,Russian Federation,Russia,Europe & Central Asia,High income,2006,2006,2020,2024,,5,5,Percent,Electricity ,All technologies except large hydro,5,,https://www.ren21.net/wp-content/uploads/2019/05/GSR2011_Full-Report_English.pdf,2,Poon
RUS,Russian Federation,Russia,Europe & Central Asia,High income,2010,2006,2020,2024,,3,3,Percent,Electricity ,All technologies except large hydro,3,,https://www.ren21.net/wp-content/uploads/2019/05/GSR2011_Full-Report_English.pdf,2,Poon
RUS,Russian Federation,Russia,Europe & Central Asia,High income,2019,2006,2024,2024,,20,20,Percent,Electricity ,All technologies except large hydro,20,,https://www.ren21.net/wp-content/uploads/2019/05/gsr_2020_full_report_en.pdf,2,Poon
RWA,Rwanda,Rwanda,Sub-Saharan Africa,Low income,2010,2010,2012,2050,,90,90,Percent,Electricity ,All technologies,90,,https://www.ren21.net/wp-content/uploads/2019/05/GSR2011_Full-Report_English.pdf,1,
RWA,Rwanda,Rwanda,Sub-Saharan Africa,Low income,2016,2010,2050,2050,,100,100,Percent,Electricity ,All technologies,100,,https://www.ren21.net/wp-content/uploads/2019/05/GSR2017_Full-Report_English.pdf,1,
RWA,Rwanda,Rwanda,Sub-Saharan Africa,Low income,2021,2010,2024,2050,,60,60,Percent,Electricity ,All technologies,60,,https://www.ren21.net/wp-content/uploads/2019/05/GSR2022_Full_Report.pdf,1,
RWA,Rwanda,Rwanda,Sub-Saharan Africa,Low income,2020,2020,2050,2050,,100,100,Percent,Final energy,All technologies,100,,https://www.ren21.net/wp-content/uploads/2019/05/GSR2021_Full_Report.pdf,1,Dou
KNA,Saint Kitts and Nevis,St. Kitts and Nevis,Latin America & Caribbean,High income,2012,2012,2015,2015,,20,20,Percent,Electricity ,All technologies,20,,https://www.ren21.net/wp-content/uploads/2019/05/GSR2013_Full-Report_English.pdf,1,
LCA,Saint Lucia,St. Lucia,Latin America & Caribbean,Upper middle income,2011,2011,2013,2050,,5,5,Percent,Electricity ,All technologies,5,,https://www.ren21.net/Portals/0/documents/activities/gsr/GSR2012.pdf,1,
LCA,Saint Lucia,St. Lucia,Latin America & Caribbean,Upper middle income,2011,2011,2015,2050,,15,15,Percent,Electricity ,All technologies,15,,https://www.ren21.net/Portals/0/documents/activities/gsr/GSR2012.pdf,1,
LCA,Saint Lucia,St. Lucia,Latin America & Caribbean,Upper middle income,2011,2011,2020,2050,,30,30,Percent,Electricity ,All technologies,30,,https://www.ren21.net/Portals/0/documents/activities/gsr/GSR2012.pdf,1,
LCA,Saint Lucia,St. Lucia,Latin America & Caribbean,Upper middle income,2015,2011,2020,2050,,35,35,Percent,Electricity ,All technologies,35,,https://www.ren21.net/wp-content/uploads/2019/05/REN21_GSR2016_FullReport_en_11.pdf,1,Poon
LCA,Saint Lucia,St. Lucia,Latin America & Caribbean,Upper middle income,2016,2011,2050,2050,,100,100,Percent,Electricity ,All technologies,100,,https://www.ren21.net/wp-content/uploads/2019/05/GSR2017_Full-Report_English.pdf,1,
LCA,Saint Lucia,St. Lucia,Latin America & Caribbean,Upper middle income,2020,2011,2030,2050,,50,50,Percent,Electricity ,All technologies,50,,https://www.ren21.net/wp-content/uploads/2019/05/GSR2021_Full_Report.pdf,1,Poon
LCA,Saint Lucia,St. Lucia,Latin America & Caribbean,Upper middle income,2012,2012,2020,2020,,20,20,Percent,Primary energy,All technologies,,,https://www.ren21.net/wp-content/uploads/2019/05/GSR2013_Full-Report_English.pdf,,Dou
VCT,Saint Vincent and the Grenadines,St. Lucia,Latin America & Caribbean,Upper middle income,2011,2011,2015,2020,,30,30,Percent,Electricity ,All technologies,30,,https://www.ren21.net/Portals/0/documents/activities/gsr/GSR2012.pdf,1,
VCT,Saint Vincent and the Grenadines,St. Lucia,Latin America & Caribbean,Upper middle income,2011,2011,2020,2020,,60,60,Percent,Electricity ,All technologies,60,,https://www.ren21.net/Portals/0/documents/activities/gsr/GSR2012.pdf,1,
WSM,Samoa,Samoa,East Asia & Pacific,Lower middle income,2012,2012,2030,2050,,20,20,Percent additional,Electricity ,All technologies,56,"Base year 2012, other RE in 2012 (hydro) 36.36%",https://www.ren21.net/wp-content/uploads/2019/05/GSR2013_Full-Report_English.pdf,1,Poon
WSM,Samoa,Samoa,East Asia & Pacific,Lower middle income,2015,2012,2030,2050,,100,100,Percent,Electricity ,All technologies,100,,https://www.ren21.net/wp-content/uploads/2019/05/REN21_GSR2016_FullReport_en_11.pdf,1,
WSM,Samoa,Samoa,East Asia & Pacific,Lower middle income,2021,2012,2050,2050,,100,100,Percent,Electricity ,All technologies,100,,https://www.ren21.net/wp-content/uploads/2019/05/GSR2022_Full_Report.pdf,1,Poon
WSM,Samoa,Samoa,East Asia & Pacific,Lower middle income,2020,2020,2051,2051,,100,100,Percent,Final energy,All technologies,100,,https://www.ren21.net/wp-content/uploads/2019/05/GSR2021_Full_Report.pdf,1,Dou
WSM,Samoa,Samoa,East Asia & Pacific,Lower middle income,2022,2020,2050,2051,,100,100,Percent,Final energy,All technologies,100,,https://www.ren21.net/wp-content/uploads/2019/05/GSR2023_GlobalOverview_Full_Report_with_endnotes_web.pdf,1,Dou
WSM,Samoa,Samoa,East Asia & Pacific,Lower middle income,2008,2008,2030,2030,,20,20,Percent,Primary energy,All technologies,,,https://www.ren21.net/wp-content/uploads/2019/05/GSR2009_Full-Report_English.pdf,,Dou
STP,Sao Tome And Principe,Sao Tome And Principe,Sub-Saharan Africa,Lower middle income,2020,2020,2030,2030,,47,47,Percent,Electricity ,All technologies,47,,https://www.ren21.net/wp-content/uploads/2019/05/gsr_2020_full_report_en.pdf,1,Poon
STP,Sao Tome And Principe,Sao Tome And Principe,Sub-Saharan Africa,Lower middle income,2023,2023,2030,2030,,50,50,Percent,Final energy,All technologies,50,,https://www.ren21.net/wp-content/uploads/2019/05/GSR2024_GlobalOverview_Full_Report_with_endnotes_web.pdf,1,Dou
STP,Sao Tome And Principe,Sao Tome And Principe,Sub-Saharan Africa,Lower middle income,2021,2021,2030,2030,,50,50,Percent,Primary energy,All technologies,,,https://www.ren21.net/wp-content/uploads/2019/05/GSR2022_Full_Report.pdf,,Dou
SAU,Saudi Arabia,Saudi Arabia,Middle East & North Africa,High income,2021,2021,2030,2030,,50,50,Percent,Electricity ,All technologies,50,,https://unfccc.int/sites/default/files/resource/202203111154---KSA%20NDC%202021.pdf,1,Poon
SAU,Saudi Arabia,Saudi Arabia,Middle East & North Africa,High income,2021,2021,2030,2030,,50,50,Percent,Primary energy,All technologies,,,https://www.ren21.net/wp-content/uploads/2019/05/GSR2022_Full_Report.pdf,,Dou
SEN,Senegal,Senegal,Sub-Saharan Africa,Lower middle income,2011,2011,2020,2050,,15,15,Percent,Electricity ,All technologies,15,,https://www.ren21.net/Portals/0/documents/activities/gsr/GSR2012.pdf,1,
SEN,Senegal,Senegal,Sub-Saharan Africa,Lower middle income,2014,2011,2017,2050,,20,20,Percent,Electricity ,All technologies,20,,https://www.ren21.net/wp-content/uploads/2019/05/GSR2015_Full-Report_English.pdf,1,
SEN,Senegal,Senegal,Sub-Saharan Africa,Lower middle income,2016,2011,2050,2050,,100,100,Percent,Electricity ,All technologies,100,,https://www.ren21.net/wp-content/uploads/2019/05/GSR2017_Full-Report_English.pdf,1,
SEN,Senegal,Senegal,Sub-Saharan Africa,Lower middle income,2022,2011,2025,2050,,30,30,Percent,Electricity ,All technologies,30,,https://www.ren21.net/wp-content/uploads/2019/05/GSR-2023_Energy-Supply-Module.pdf,1,
SEN,Senegal,Senegal,Sub-Saharan Africa,Lower middle income,2023,2023,2030,2030,,40,40,Percent,Final energy,All technologies,40,,https://www.ren21.net/wp-content/uploads/2019/05/GSR2024_GlobalOverview_Full_Report_with_endnotes_web.pdf,1,Dou
SEN,Senegal,Senegal,Sub-Saharan Africa,Lower middle income,2006,2006,2025,2030,,15,15,Percent,Primary energy,All technologies,,,https://www.ren21.net/wp-content/uploads/2019/05/GSR2007_Full-Report_English.pdf,,Dou
SEN,Senegal,Senegal,Sub-Saharan Africa,Lower middle income,2021,2006,2030,2030,,30,30,Percent,Primary energy,All technologies,,,https://www.ren21.net/wp-content/uploads/2019/05/GSR2022_Full_Report.pdf,,Dou
SRB,Serbia,Serbia,Europe & Central Asia,Upper middle income,2011,2011,2020,2050,,15,15,Percent,Electricity ,All technologies,15,,https://www.ren21.net/wp-content/uploads/2019/05/GSR2012_Full-Report_English.pdf,1,Poon
SRB,Serbia,Serbia,Europe & Central Asia,Upper middle income,2013,2011,2021,2050,,15,15,Percent,Electricity ,All technologies,15,,https://www.ren21.net/wp-content/uploads/2019/05/GSR2014_Full-Report_English.pdf,1,Poon
SRB,Serbia,Serbia,Europe & Central Asia,Upper middle income,2014,2011,2017,2050,,20,20,Percent,Electricity ,All technologies,20,,https://www.ren21.net/wp-content/uploads/2019/05/GSR2015_Full-Report_English.pdf,1,Poon
SRB,Serbia,Serbia,Europe & Central Asia,Upper middle income,2016,2011,2020,2050,,37,37,Percent,Electricity ,All technologies,37,,https://www.ren21.net/wp-content/uploads/2019/05/GSR2017_Full-Report_English.pdf,1,Poon
SRB,Serbia,Serbia,Europe & Central Asia,Upper middle income,2021,2011,2040,2050,,40,40,Percent,Electricity ,All technologies,40,,https://www.ren21.net/wp-content/uploads/2019/05/GSR2022_Full_Report.pdf,1,
SRB,Serbia,Serbia,Europe & Central Asia,Upper middle income,2021,2011,2050,2050,,50,50,Percent,Electricity ,All technologies,50,,https://www.ren21.net/wp-content/uploads/2019/05/GSR2022_Full_Report.pdf,1,
SRB,Serbia,Serbia,Europe & Central Asia,Upper middle income,2011,2011,NA,2020,,33,33,Percent,Final energy,All technologies,33,,https://www.ren21.net/wp-content/uploads/2019/05/GSR2012_Full-Report_English.pdf,1,Dou
SRB,Serbia,Serbia,Europe & Central Asia,Upper middle income,2012,2011,2020,2020,,27,27,Percent,Final energy,All technologies,27,,https://www.ren21.net/wp-content/uploads/2019/05/GSR2013_Full-Report_English.pdf,1,Dou
SYC,Seychelles,Seychelles,Sub-Saharan Africa,High income,2011,2011,2020,2030,,5,5,Percent,Electricity ,All technologies,5,,https://www.ren21.net/Portals/0/documents/activities/gsr/GSR2012.pdf,1,
SYC,Seychelles,Seychelles,Sub-Saharan Africa,High income,2011,2011,2030,2030,,15,15,Percent,Electricity ,All technologies,15,,https://www.ren21.net/Portals/0/documents/activities/gsr/GSR2012.pdf,1,
SYC,Seychelles,Seychelles,Sub-Saharan Africa,High income,2020,2020,2030,2030,,15,15,Percent,Final energy,All technologies,15,,https://www.ren21.net/wp-content/uploads/2019/05/GSR2021_Full_Report.pdf,1,Dou
SYC,Seychelles,Seychelles,Sub-Saharan Africa,High income,2021,2021,2030,2030,,15,15,Percent,Primary energy,All technologies,,,https://www.ren21.net/wp-content/uploads/2019/05/GSR2022_Full_Report.pdf,,Dou
SLE,Sierra Leone,Sierra Leone,Sub-Saharan Africa,Low income,2015,2015,2015,2030,,18,18,Percent,Electricity ,All technologies,18,,https://www.ren21.net/wp-content/uploads/2019/05/REN21_GSR2016_FullReport_en_11.pdf,1,
SLE,Sierra Leone,Sierra Leone,Sub-Saharan Africa,Low income,2015,2015,2020,2030,,33,33,Percent,Electricity ,All technologies,33,,https://www.ren21.net/wp-content/uploads/2019/05/REN21_GSR2016_FullReport_en_11.pdf,1,
SLE,Sierra Leone,Sierra Leone,Sub-Saharan Africa,Low income,2015,2015,2030,2030,,36,36,Percent,Electricity ,All technologies,36,,https://www.ren21.net/wp-content/uploads/2019/05/REN21_GSR2016_FullReport_en_11.pdf,1,
SLE,Sierra Leone,Sierra Leone,Sub-Saharan Africa,Low income,2020,2015,2020,2030,,52,52,Percent,Electricity ,All technologies,52,,https://www.ren21.net/wp-content/uploads/2019/05/GSR2021_Full_Report.pdf,1,Poon
SLE,Sierra Leone,Sierra Leone,Sub-Saharan Africa,Low income,2023,2023,2030,2030,,65,65,Percent,Final energy,All technologies,65,,https://www.ren21.net/wp-content/uploads/2019/05/GSR2024_GlobalOverview_Full_Report_with_endnotes_web.pdf,1,Dou
SGP,Singapore,Singapore,East Asia & Pacific,High income,2015,2015,NA,2035,,8,8,Percent,Electricity ,All technologies,8,,https://www.ren21.net/wp-content/uploads/2019/05/REN21_GSR2016_FullReport_en_11.pdf,1,
SGP,Singapore,Singapore,East Asia & Pacific,High income,2021,2015,2035,2035,,30,30,Percent,Electricity ,All technologies,30,,https://www.ren21.net/wp-content/uploads/2019/05/GSR2022_Full_Report.pdf,1,Poon
SVK,Slovakia,Slovakia,Europe & Central Asia,High income,2004,2004,2010,2030,,31,31,Percent,Electricity ,All technologies ,31,,https://www.ren21.net/wp-content/uploads/2019/05/GSR2005_Full-Report_English.pdf,1,
SVK,Slovakia,Slovakia,Europe & Central Asia,High income,2013,2004,2020,2030,,24,24,Percent,Electricity ,All technologies ,24,,https://www.ren21.net/wp-content/uploads/2019/05/GSR2014_Full-Report_English.pdf,1,
SVK,Slovakia,Slovakia,Europe & Central Asia,High income,2019,2004,2030,2030,,90,90,Percent,Electricity ,All technologies ,90,,https://ember-energy.org/data/live-eu-necp-tracker/#data-tool,1,Poon
SVK,Slovakia,Slovakia,Europe & Central Asia,High income,2009,2009,2020,2030,,14,14,Percent,Final energy,All technologies,14,,https://www.ren21.net/wp-content/uploads/2019/05/GSR2010_Full-Report_English.pdf,1,Dou
SVK,Slovakia,Slovakia,Europe & Central Asia,High income,2017,2009,2020,2030,,13,13,Percent,Final energy,All technologies,13,,https://www.ren21.net/wp-content/uploads/2019/08/Full-Report-2018.pdf,1,Dou
SVK,Slovakia,Slovakia,Europe & Central Asia,High income,2020,2009,2030,2030,,19,19,Percent,Final energy,All technologies,19,,https://www.ren21.net/wp-content/uploads/2019/05/GSR2021_Full_Report.pdf,1,Dou
SVN,Slovenia,Slovenia,Europe & Central Asia,High income,2004,2004,2010,2030,,34,34,Percent,Electricity ,All technologies ,34,,https://www.ren21.net/wp-content/uploads/2019/05/GSR2005_Full-Report_English.pdf,1,
SVN,Slovenia,Slovenia,Europe & Central Asia,High income,2013,2004,2020,2030,,39,39,Percent,Electricity ,All technologies ,39,,https://www.ren21.net/wp-content/uploads/2019/05/GSR2014_Full-Report_English.pdf,1,
SVN,Slovenia,Slovenia,Europe & Central Asia,High income,2019,2004,2030,2030,,76,76,Percent,Electricity ,All technologies ,76,,https://ember-energy.org/data/live-eu-necp-tracker/#data-tool,1,Poon
SVN,Slovenia,Slovenia,Europe & Central Asia,High income,2023,2004,2030,2030,,77,77,Percent,Electricity ,All technologies ,77,,https://ember-energy.org/data/live-eu-necp-tracker/#data-tool,1,Poon
SVN,Slovenia,Slovenia,Europe & Central Asia,High income,2009,2009,2020,2030,,25,25,Percent,Final energy,All technologies,25,,https://www.ren21.net/wp-content/uploads/2019/05/GSR2010_Full-Report_English.pdf,1,Dou
SVN,Slovenia,Slovenia,Europe & Central Asia,High income,2020,2009,2030,2030,,27,27,Percent,Final energy,All technologies,27,,https://www.ren21.net/wp-content/uploads/2019/05/GSR2021_Full_Report.pdf,1,Dou
SLB,Solomon Islands,Solomon Islands,East Asia & Pacific,Lower middle income,2011,2011,2015,2050,,50,50,Percent,Electricity ,All technologies,50,,https://www.ren21.net/Portals/0/documents/activities/gsr/GSR2012.pdf,1,
SLB,Solomon Islands,Solomon Islands,East Asia & Pacific,Lower middle income,2016,2011,2030,2050,,100,100,Percent,Electricity ,All technologies,100,,https://www.ren21.net/wp-content/uploads/2019/05/GSR2017_Full-Report_English.pdf,1,Poon
SLB,Solomon Islands,Solomon Islands,East Asia & Pacific,Lower middle income,2020,2011,2020,2050,,50,50,Percent,Electricity ,All technologies,50,,https://www.ren21.net/wp-content/uploads/2019/05/GSR2021_Full_Report.pdf,1,Poon
SLB,Solomon Islands,Solomon Islands,East Asia & Pacific,Lower middle income,2021,2011,2050,2050,,100,100,Percent,Electricity ,All technologies,100,,https://www.ren21.net/wp-content/uploads/2019/05/GSR2022_Full_Report.pdf,1,
SLB,Solomon Islands,Solomon Islands,East Asia & Pacific,Lower middle income,2020,2020,2030,2030,,100,100,Percent,Final energy,All technologies,100,,https://www.ren21.net/wp-content/uploads/2019/05/GSR2021_Full_Report.pdf,1,Dou
SLB,Solomon Islands,Solomon Islands,East Asia & Pacific,Lower middle income,2021,2021,2030,2030,,100,100,Percent,Primary energy,All technologies,,,https://www.ren21.net/wp-content/uploads/2019/05/GSR2022_Full_Report.pdf,,Dou
ZAF,South Africa,South Africa,Sub-Saharan Africa,Upper middle income,2005,2005,2013,2050,,4,4,Percent,Electricity ,All technologies ,4,,https://www.ren21.net/Portals/0/documents/activities/gsr/REN21_GSR_2010_full_revised%20Sept2010.pdf,1,
ZAF,South Africa,South Africa,Sub-Saharan Africa,Upper middle income,2008,2005,2020,2050,,13,13,Percent,Electricity ,All technologies ,13,,https://www.ren21.net/Portals/0/documents/activities/gsr/REN21_GSR_2010_full_revised%20Sept2010.pdf,1,
ZAF,South Africa,South Africa,Sub-Saharan Africa,Upper middle income,2010,2005,2050,2050,,14,14,Percent,Electricity ,All technologies ,14,,https://www.ren21.net/wp-content/uploads/2019/05/GSR2011_Full-Report_English.pdf,1,
ZAF,South Africa,South Africa,Sub-Saharan Africa,Upper middle income,2013,2005,2030,2050,,9,9,Percent,Electricity ,All technologies ,9,,https://www.ren21.net/wp-content/uploads/2019/05/GSR2014_Full-Report_English.pdf,1,
ZAF,South Africa,South Africa,Sub-Saharan Africa,Upper middle income,2020,2005,2030,2050,,8,8,Percent,Electricity ,All technologies ,8,,https://www.ren21.net/wp-content/uploads/2019/05/GSR2021_Full_Report.pdf,1,Poon
ZAF,South Africa,South Africa,Sub-Saharan Africa,Upper middle income,2023,2023,2030,2030,,41,41,Percent,Final energy,All technologies,41,,https://www.ren21.net/wp-content/uploads/2019/05/GSR2024_GlobalOverview_Full_Report_with_endnotes_web.pdf,1,Dou
ZAF,South Africa,South Africa,Sub-Saharan Africa,Upper middle income,2002,2002,2013,2013,,4,4,Percent,Primary energy,All technologies,,,https://www.ren21.net/wp-content/uploads/2019/05/GSR2005_Full-Report_English.pdf,,Dou
SSD,South Sudan,South Sudan,Sub-Saharan Africa,Low income,2016,2016,2050,2050,,100,100,Percent,Electricity ,All technologies,100,,https://www.ren21.net/wp-content/uploads/2019/05/GSR2017_Full-Report_English.pdf,1,
SSD,South Sudan,South Sudan,Sub-Saharan Africa,Low income,2020,2020,2050,2050,,100,100,Percent,Final energy,All technologies,100,,https://www.ren21.net/wp-content/uploads/2019/05/GSR2021_Full_Report.pdf,1,Dou
SSD,South Sudan,South Sudan,Sub-Saharan Africa,Low income,2021,2021,2050,2050,,100,100,Percent,Primary energy,All technologies,,,https://www.ren21.net/wp-content/uploads/2019/05/GSR2022_Full_Report.pdf,,Dou
ESP,Spain,Spain,Europe & Central Asia,High income,2001,2001,2010,2030,,29,29,Percent,Electricity ,All technologies ,29,,https://eur-lex.europa.eu/legal-content/EN/TXT/PDF/?uri=CELEX:32001L0077&from=EN,1,
ESP,Spain,Spain,Europe & Central Asia,High income,2011,2001,2020,2030,,38,38,Percent,Electricity ,All technologies ,38,,https://www.ren21.net/Portals/0/documents/activities/gsr/GSR2012.pdf,1,
ESP,Spain,Spain,Europe & Central Asia,High income,2019,2001,2030,2030,,83,83,Percent,Electricity ,All technologies ,83,,https://ember-energy.org/data/live-eu-necp-tracker/#data-tool,1,Poon
ESP,Spain,Spain,Europe & Central Asia,High income,2023,2001,2030,2030,,90,90,Percent,Electricity ,All technologies ,90,,https://ember-energy.org/data/live-eu-necp-tracker/#data-tool,1,Poon
ESP,Spain,Spain,Europe & Central Asia,High income,2006,2006,2020,2030,,20,20,Percent,Final energy,All technologies,20,,https://www.ren21.net/wp-content/uploads/2019/05/GSR2007_Full-Report_English.pdf,1,Dou
ESP,Spain,Spain,Europe & Central Asia,High income,2011,2006,2020,2030,,21,21,Percent,Final energy,All technologies,21,,https://www.ren21.net/wp-content/uploads/2019/05/GSR2012_Full-Report_English.pdf,1,Dou
ESP,Spain,Spain,Europe & Central Asia,High income,2019,2006,2030,2030,,42,42,Percent,Final energy,All technologies,42,,https://www.ren21.net/wp-content/uploads/2019/05/gsr_2020_full_report_en.pdf,1,Dou
ESP,Spain,Spain,Europe & Central Asia,High income,2005,2005,2010,2050,,12,12,Percent,Primary energy,All technologies,,,https://www.ren21.net/wp-content/uploads/2019/05/GSR2006_Full-Report_English.pdf,,Dou
ESP,Spain,Spain,Europe & Central Asia,High income,2020,2005,2030,2050,,35,35,Percent,Primary energy,All technologies,,,https://www.ren21.net/wp-content/uploads/2019/05/GSR2021_Full_Report.pdf,,Dou
ESP,Spain,Spain,Europe & Central Asia,High income,2021,2005,2030,2050,,42,42,Percent,Primary energy,All technologies,,,https://www.ren21.net/wp-content/uploads/2019/05/GSR2022_Full_Report.pdf,,Dou
ESP,Spain,Spain,Europe & Central Asia,High income,2021,2005,2050,2050,,98,98,Percent,Primary energy,All technologies,,,https://www.ren21.net/wp-content/uploads/2019/05/GSR2022_Full_Report.pdf,,Dou
LKA,Sri Lanka,Sri Lanka,South Asia,Lower middle income,2009,2009,2017,2050,,10,10,Percent,Electricity ,All technologies except hydro,10,,https://www.ren21.net/Portals/0/documents/activities/gsr/REN21_GSR_2010_full_revised%20Sept2010.pdf,2,
LKA,Sri Lanka,Sri Lanka,South Asia,Lower middle income,2010,2009,2022,2050,,14,14,Percent,Electricity ,All technologies except hydro,14,,https://www.ren21.net/wp-content/uploads/2019/05/GSR2011_Full-Report_English.pdf,2,
LKA,Sri Lanka,Sri Lanka,South Asia,Lower middle income,2011,2009,2015,2050,,10,10,Percent,Electricity ,All technologies except hydro,10,,https://www.ren21.net/Portals/0/documents/activities/gsr/GSR2012.pdf,2,
LKA,Sri Lanka,Sri Lanka,South Asia,Lower middle income,2012,2009,2020,2050,,20,20,Percent,Electricity ,All technologies except hydro,20,,https://www.ren21.net/wp-content/uploads/2019/05/GSR2013_Full-Report_English.pdf,2,
LKA,Sri Lanka,Sri Lanka,South Asia,Lower middle income,2015,2009,2016,2050,,10,10,Percent,Electricity ,All technologies,10,,https://www.ren21.net/wp-content/uploads/2019/05/REN21_GSR2016_FullReport_en_11.pdf,1,Poon
LKA,Sri Lanka,Sri Lanka,South Asia,Lower middle income,2015,2009,2020,2050,,20,20,Percent,Electricity ,All technologies,20,,https://www.ren21.net/wp-content/uploads/2019/05/REN21_GSR2016_FullReport_en_11.pdf,1,Poon
LKA,Sri Lanka,Sri Lanka,South Asia,Lower middle income,2016,2009,2050,2050,,100,100,Percent,Electricity ,All technologies,100,,https://www.ren21.net/wp-content/uploads/2019/05/GSR2017_Full-Report_English.pdf,1,
LKA,Sri Lanka,Sri Lanka,South Asia,Lower middle income,2020,2009,2030,2050,,50,50,Percent,Electricity ,All technologies,50,,https://www.ren21.net/wp-content/uploads/2019/05/GSR2021_Full_Report.pdf,1,Poon
LKA,Sri Lanka,Sri Lanka,South Asia,Lower middle income,2022,2009,2030,2050,,70,70,Percent,Electricity ,All technologies,70,,https://www.ren21.net/wp-content/uploads/2019/05/GSR-2023_Energy-Supply-Module.pdf,1,Poon
SDN,Sudan,Sudan,Sub-Saharan Africa,Low income,2012,2012,2016,2050,,10,10,Percent,Electricity ,All technologies,10,,https://www.ren21.net/wp-content/uploads/2019/05/GSR2013_Full-Report_English.pdf,1,
SDN,Sudan,Sudan,Sub-Saharan Africa,Low income,2014,2012,2031,2050,,11,11,Percent,Electricity ,All technologies,11,,https://www.ren21.net/wp-content/uploads/2019/05/GSR2015_Full-Report_English.pdf,1,
SDN,Sudan,Sudan,Sub-Saharan Africa,Low income,2015,2012,2030,2050,,20,20,Percent,Electricity ,All technologies,20,,https://www.ren21.net/wp-content/uploads/2019/05/REN21_GSR2016_FullReport_en_11.pdf,1,
SDN,Sudan,Sudan,Sub-Saharan Africa,Low income,2016,2012,2050,2050,,100,100,Percent,Electricity ,All technologies,100,,https://www.ren21.net/wp-content/uploads/2019/05/GSR2017_Full-Report_English.pdf,1,
SDN,Sudan,Sudan,Sub-Saharan Africa,Low income,2022,2022,2050,2050,,100,100,Percent,Final energy,All technologies,100,,https://www.ren21.net/wp-content/uploads/2019/05/GSR2023_GlobalOverview_Full_Report_with_endnotes_web.pdf,1,Dou
SDN,Sudan,Sudan,Sub-Saharan Africa,Low income,2018,2018,2020,2050,,20,20,Percent,Primary energy,All technologies,,,https://www.ren21.net/wp-content/uploads/2019/05/gsr_2019_full_report_en.pdf,,Dou
SDN,Sudan,Sudan,Sub-Saharan Africa,Low income,2021,2018,2050,2050,,100,100,Percent,Primary energy,All technologies,,,https://www.ren21.net/wp-content/uploads/2019/05/GSR2022_Full_Report.pdf,,Dou
SUR,Suriname,Suriname,Latin America & Caribbean,Upper middle income,2020,2020,2025,2030,,25,25,Percent,Electricity ,All technologies,25,,https://www.ren21.net/wp-content/uploads/2019/05/GSR2021_Full_Report.pdf,1,Poon
SUR,Suriname,Suriname,Latin America & Caribbean,Upper middle income,2020,2020,2030,2030,,35,35,Percent,Electricity ,All technologies,35,,https://unfccc.int/sites/default/files/NDC/2022-06/Suriname%20Second%20NDC.pdf,1,Poon
SUR,Suriname,Suriname,Latin America & Caribbean,Upper middle income,2015,2015,2025,2025,,25,25,Percent,Final energy,All technologies,25,,https://unfccc.int/sites/default/files/NDC/2022-06/Suriname%20Second%20NDC.pdf,1,Poon
SWE,Sweden,Sweden,Europe & Central Asia,High income,2001,2001,2010,2040,,60,60,Percent,Electricity ,All technologies ,60,,https://eur-lex.europa.eu/legal-content/EN/TXT/PDF/?uri=CELEX:32001L0077&from=EN,1,
SWE,Sweden,Sweden,Europe & Central Asia,High income,2013,2001,2020,2040,,63,63,Percent,Electricity ,All technologies ,63,,https://www.ren21.net/wp-content/uploads/2019/05/GSR2014_Full-Report_English.pd,1,Poon
SWE,Sweden,Sweden,Europe & Central Asia,High income,2018,2001,2040,2040,,100,100,Percent,Electricity ,All technologies ,100,,https://www.ren21.net/wp-content/uploads/2019/05/gsr_2019_full_report_en.pdf,1,
SWE,Sweden,Sweden,Europe & Central Asia,High income,2019,2001,2030,2040,,98,98,Percent,Electricity ,All technologies ,98,,https://ember-energy.org/data/live-eu-necp-tracker/#data-tool,1,Poon
SWE,Sweden,Sweden,Europe & Central Asia,High income,2023,2001,2030,2040,,100,100,Percent,Electricity ,All technologies ,100,,https://ember-energy.org/data/live-eu-necp-tracker/#data-tool,1,Poon
SWE,Sweden,Sweden,Europe & Central Asia,High income,2006,2006,2020,2030,,49,49,Percent,Final energy,All technologies,49,,https://www.ren21.net/wp-content/uploads/2019/05/GSR2007_Full-Report_English.pdf,1,Dou
SWE,Sweden,Sweden,Europe & Central Asia,High income,2010,2006,2020,2030,,50,50,Percent,Final energy,All technologies,50,,https://www.ren21.net/wp-content/uploads/2019/05/GSR2011_Full-Report_English.pdf,1,Dou
SWE,Sweden,Sweden,Europe & Central Asia,High income,2020,2006,2030,2030,,65,65,Percent,Final energy,All technologies,65,,https://www.ren21.net/wp-content/uploads/2019/05/GSR2021_Full_Report.pdf,1,Dou
SWE,Sweden,Sweden,Europe & Central Asia,High income,2017,2017,2040,2040,,100,100,Percent,Primary energy,All technologies,,,https://www.ren21.net/wp-content/uploads/2019/08/Full-Report-2018.pdf,,Dou
SWE,Sweden,Sweden,Europe & Central Asia,High income,2021,2017,2030,2040,,65,65,Percent,Primary energy,All technologies,,,https://www.ren21.net/wp-content/uploads/2019/05/GSR2022_Full_Report.pdf,,Dou
CHE,Switzerland,Switzerland,Europe & Central Asia,High income,2021,2021,2026,2026,,100,100,Percent,Electricity ,All technologies ,100,,https://www.ren21.net/wp-content/uploads/2019/05/GSR2022_Full_Report.pdf,1,
CHE,Switzerland,Switzerland,Europe & Central Asia,High income,2009,2009,2020,2020,,24,24,Percent,Primary energy,All technologies,,,https://www.ren21.net/wp-content/uploads/2019/05/GSR2010_Full-Report_English.pdf,,Dou
SYR,Syrian Arab Republic ,Syria,Middle East & North Africa,Low income,2018,2018,2030,2030,,10,10,Percent,Electricity ,All technologies,10,Conditional to international donors,https://unfccc.int/sites/default/files/NDC/2022-06/FirstNDC-Eng-Syrian%20Arab%20Republic.pdf,1,Poon
SYR,Syrian Arab Republic ,Syria,Middle East & North Africa,Low income,2009,2009,2011,2011,,4,4,Percent,Primary energy,All technologies,,,https://www.ren21.net/wp-content/uploads/2019/05/GSR2010_Full-Report_English.pdf,,Dou
TJK,Tajikistan,Tajikistan,Europe & Central Asia,Lower middle income,2016,2016,2030,2030,,10,10,Percent,Electricity ,All technologies,10,,https://www.ren21.net/wp-content/uploads/2019/05/GSR2017_Full-Report_English.pdf; https://iea.blob.core.windows.net/assets/ab8f5f01-4b54-4636-b2e8-7818e2ed55a8/Tajikistan2022.pdf,1,Poon
TJK,Tajikistan,Tajikistan,Europe & Central Asia,Lower middle income,2018,2018,2020,2020,,50,50,Percent,Final energy,All technologies,50,,https://www.ren21.net/wp-content/uploads/2019/05/gsr_2019_full_report_en.pdf,1,Dou
TZA,Tanzania (United Republic of),Tanzania,Sub-Saharan Africa,Lower middle income,2014,2014,2015,2050,,14,14,Percent,Electricity ,All technologies,14,,https://www.ren21.net/wp-content/uploads/2019/05/GSR2015_Full-Report_English.pdf,1,
TZA,Tanzania (United Republic of),Tanzania,Sub-Saharan Africa,Lower middle income,2016,2014,2050,2050,,100,100,Percent,Electricity ,All technologies,100,,https://www.ren21.net/wp-content/uploads/2019/05/GSR2017_Full-Report_English.pdf,1,
TZA,Tanzania (United Republic of),Tanzania,Sub-Saharan Africa,Lower middle income,2020,2020,2050,2050,,100,100,Percent,Final energy,All technologies,100,,https://www.ren21.net/wp-content/uploads/2019/05/GSR2021_Full_Report.pdf,1,Dou
TZA,Tanzania (United Republic of),Tanzania,Sub-Saharan Africa,Lower middle income,2023,2020,2030,2050,,50,50,Percent,Final energy,All technologies,50,,https://www.ren21.net/wp-content/uploads/2019/05/GSR2024_GlobalOverview_Full_Report_with_endnotes_web.pdf,1,Dou
TZA,Tanzania (United Republic of),Tanzania,Sub-Saharan Africa,Lower middle income,2018,2018,2020,2020,,24,24,Percent,Primary energy,All technologies,,,https://www.ren21.net/wp-content/uploads/2019/05/gsr_2019_full_report_en.pdf,,Dou
THA,Thailand,Thailand,East Asia & Pacific,Upper middle income,2004,2004,2011,2050,,4,4,Percent,Electricity ,All technologies except large hydro,4,,https://www.ren21.net/wp-content/uploads/2019/05/GSR2005_Full-Report_English.pdf,2,
THA,Thailand,Thailand,East Asia & Pacific,Upper middle income,2007,2004,2011,2050,,11,11,Percent,Electricity ,All technologies,11,,https://www.ren21.net/Portals/0/documents/activities/gsr/RE2007_Global_Status_Report.pdf,1,
THA,Thailand,Thailand,East Asia & Pacific,Upper middle income,2009,2004,2022,2050,,14,14,Percent,Electricity ,All technologies,14,,https://www.ren21.net/Portals/0/documents/activities/gsr/REN21_GSR_2010_full_revised%20Sept2010.pdf,1,
THA,Thailand,Thailand,East Asia & Pacific,Upper middle income,2013,2004,2021,2050,,10,10,Percent,Electricity ,All technologies except large hydro,10,,https://www.ren21.net/wp-content/uploads/2019/05/GSR2014_Full-Report_English.pdf,2,
THA,Thailand,Thailand,East Asia & Pacific,Upper middle income,2015,2004,2036,2050,,20,20,Percent,Electricity ,All technologies except large hydro,20,,https://www.ren21.net/wp-content/uploads/2019/05/REN21_GSR2016_FullReport_en_11.pdf,2,
THA,Thailand,Thailand,East Asia & Pacific,Upper middle income,2020,2004,2036,2050,,30,30,Percent,Electricity ,All technologies,30,,https://www.ren21.net/wp-content/uploads/2019/05/GSR2021_Full_Report.pdf,1,
THA,Thailand,Thailand,East Asia & Pacific,Upper middle income,2022,2004,2050,2050,,50,50,Percent,Electricity ,All technologies,50,,https://www.ren21.net/wp-content/uploads/2019/05/GSR-2023_Energy-Supply-Module.pdf,1,Poon
THA,Thailand,Thailand,East Asia & Pacific,Upper middle income,2013,2013,2021,2036,,25,25,Percent,Final energy,All technologies,25,,https://www.ren21.net/wp-content/uploads/2019/05/GSR2014_Full-Report_English.pdf,1,Dou
THA,Thailand,Thailand,East Asia & Pacific,Upper middle income,2015,2013,2036,2036,,30,30,Percent,Final energy,All technologies,30,,https://www.ren21.net/wp-content/uploads/2019/05/REN21_GSR2016_FullReport_en_11.pdf,1,Dou
THA,Thailand,Thailand,East Asia & Pacific,Upper middle income,2018,2013,2035,2036,,40,40,Percent,Final energy,All technologies,40,,https://www.ren21.net/wp-content/uploads/2019/05/gsr_2019_full_report_en.pdf,1,Dou
THA,Thailand,Thailand,East Asia & Pacific,Upper middle income,2023,2013,2036,2036,,37,37,Percent,Final energy,All technologies,37,,https://www.ren21.net/wp-content/uploads/2019/05/GSR2024_GlobalOverview_Full_Report_with_endnotes_web.pdf,1,Dou
THA,Thailand,Thailand,East Asia & Pacific,Upper middle income,2004,2004,2011,2022,,8,8,Percent,Primary energy,All technologies except biomass,,,https://www.ren21.net/wp-content/uploads/2019/05/GSR2005_Full-Report_English.pdf,,Dou
THA,Thailand,Thailand,East Asia & Pacific,Upper middle income,2009,2004,2022,2022,,20,20,Percent,Primary energy,All technologies,,,https://www.ren21.net/wp-content/uploads/2019/05/GSR2010_Full-Report_English.pdf,,Dou
TLS,Timor-Leste,Timor-Leste,East Asia & Pacific,Lower middle income,2012,2012,2020,2050,,50,50,Percent,Electricity ,All technologies,50,,https://www.ren21.net/wp-content/uploads/2019/05/GSR2013_Full-Report_English.pdf,1,
TLS,Timor-Leste,Timor-Leste,East Asia & Pacific,Lower middle income,2016,2012,2050,2050,,100,100,Percent,Electricity ,All technologies,100,,https://www.ren21.net/wp-content/uploads/2019/05/GSR2017_Full-Report_English.pdf,1,
TLS,Timor-Leste,Timor-Leste,East Asia & Pacific,Lower middle income,2023,2023,2030,2030,,50,50,Percent,Final energy,All technologies,50,,https://www.ren21.net/wp-content/uploads/2019/05/GSR2024_GlobalOverview_Full_Report_with_endnotes_web.pdf,1,Dou
TGO,Togo,Togo,Sub-Saharan Africa,Low income,2014,2014,2020,2020,,15,15,Percent,Electricity ,All technologies,15,,https://www.ren21.net/wp-content/uploads/2019/05/GSR2015_Full-Report_English.pdf,1,
TGO,Togo,Togo,Sub-Saharan Africa,Low income,2015,2015,2030,2030,,4,4,Percent,Final energy,All technologies,4,,https://www.ren21.net/wp-content/uploads/2019/05/REN21_GSR2016_FullReport_en_11.pdf,1,Dou
TGO,Togo,Togo,Sub-Saharan Africa,Low income,2023,2015,2030,2030,,20,20,Percent,Final energy,All technologies,20,,https://www.ren21.net/wp-content/uploads/2019/05/GSR2024_GlobalOverview_Full_Report_with_endnotes_web.pdf,1,Dou
TON,Tonga,Tonga,East Asia & Pacific,Upper middle income,2009,2009,2012,2030,,50,50,Percent,Electricity ,All technologies,50,,https://www.ren21.net/Portals/0/documents/activities/gsr/REN21_GSR_2010_full_revised%20Sept2010.pdf,1,
TON,Tonga,Tonga,East Asia & Pacific,Upper middle income,2012,2009,2015,2030,,50,50,Percent,Electricity ,All technologies,50,,https://www.ren21.net/wp-content/uploads/2019/05/GSR2013_Full-Report_English.pdf,1,Poon
TON,Tonga,Tonga,East Asia & Pacific,Upper middle income,2021,2009,2030,2030,,70,70,Percent,Electricity ,All technologies,70,,https://www.ren21.net/wp-content/uploads/2019/05/GSR2022_Full_Report.pdf,1,
TON,Tonga,Tonga,East Asia & Pacific,Upper middle income,2009,2009,2013,2013,,100,100,Percent,Final energy,All technologies,100,,https://www.ren21.net/wp-content/uploads/2019/05/GSR2010_Full-Report_English.pdf,1,Dou
TTO,Trinidad and Tobago,Trinidad and Tobago,Latin America & Caribbean,High income,2020,2020,2021,2021,,10,10,Percent,Electricity ,All technologies,10,,https://www.ren21.net/wp-content/uploads/2019/05/GSR2021_Full_Report.pdf,1,Poon
TTO,Trinidad and Tobago,Trinidad and Tobago,Latin America & Caribbean,High income,2023,2023,2027,2027,,47,47,Percent,Final energy,All technologies,47,,https://www.ren21.net/wp-content/uploads/2019/05/GSR2024_GlobalOverview_Full_Report_with_endnotes_web.pdf,1,Dou
TTO,Trinidad and Tobago,Trinidad and Tobago,Latin America & Caribbean,High income,2021,2021,2022,2027,,28,28,Percent,Primary energy,All technologies,,,https://www.ren21.net/wp-content/uploads/2019/05/GSR2022_Full_Report.pdf,,Dou
TTO,Trinidad and Tobago,Trinidad and Tobago,Latin America & Caribbean,High income,2021,2021,2027,2027,,47,47,Percent,Primary energy,All technologies,,,https://www.ren21.net/wp-content/uploads/2019/05/GSR2022_Full_Report.pdf,,Dou
TUN,Tunisia,Tunisia,Middle East & North Africa,Lower middle income,2010,2010,2016,2050,,11,11,Percent,Electricity ,All technologies,11,,https://www.ren21.net/wp-content/uploads/2019/05/GSR2011_Full-Report_English.pdf,1,
TUN,Tunisia,Tunisia,Middle East & North Africa,Lower middle income,2010,2010,2030,2050,,25,25,Percent,Electricity ,All technologies,25,,https://www.ren21.net/wp-content/uploads/2019/05/GSR2011_Full-Report_English.pdf,1,
TUN,Tunisia,Tunisia,Middle East & North Africa,Lower middle income,2011,2010,2011,2050,,4,4,Percent,Electricity ,All technologies,4,,https://www.ren21.net/Portals/0/documents/activities/gsr/GSR2012.pdf,1,
TUN,Tunisia,Tunisia,Middle East & North Africa,Lower middle income,2011,2010,2016,2050,,16,16,Percent,Electricity ,All technologies,16,,https://www.ren21.net/Portals/0/documents/activities/gsr/GSR2012.pdf,1,
TUN,Tunisia,Tunisia,Middle East & North Africa,Lower middle income,2011,2010,2030,2050,,40,40,Percent,Electricity ,All technologies,40,,https://www.ren21.net/Portals/0/documents/activities/gsr/GSR2012.pdf,1,
TUN,Tunisia,Tunisia,Middle East & North Africa,Lower middle income,2014,2010,2030,2050,,30,30,Percent,Electricity ,All technologies,30,,https://www.ren21.net/wp-content/uploads/2019/05/GSR2015_Full-Report_English.pdf,1,
TUN,Tunisia,Tunisia,Middle East & North Africa,Lower middle income,2016,2010,2050,2050,,100,100,Percent,Electricity ,All technologies,100,,https://www.ren21.net/wp-content/uploads/2019/05/GSR2017_Full-Report_English.pdf,1,
TUN,Tunisia,Tunisia,Middle East & North Africa,Lower middle income,2020,2010,2020,2050,,14,14,Percent,Electricity ,All technologies,14,,https://www.ren21.net/wp-content/uploads/2019/05/GSR2021_Full_Report.pdf,1,Poon
TUN,Tunisia,Tunisia,Middle East & North Africa,Lower middle income,2022,2010,2030,2050,,35,35,Percent,Electricity ,All technologies,35,,https://www.ren21.net/wp-content/uploads/2019/05/GSR-2023_Energy-Supply-Module.pdf,1,Poon
TUN,Tunisia,Tunisia,Middle East & North Africa,Lower middle income,2009,2009,2011,2050,,10,10,Percent,Final energy,All technologies,10,,https://www.ren21.net/wp-content/uploads/2019/05/GSR2010_Full-Report_English.pdf,1,Dou
TUN,Tunisia,Tunisia,Middle East & North Africa,Lower middle income,2022,2009,2050,2050,,100,100,Percent,Final energy,All technologies,100,,https://www.ren21.net/wp-content/uploads/2019/05/GSR2023_GlobalOverview_Full_Report_with_endnotes_web.pdf,1,Dou
TUN,Tunisia,Tunisia,Middle East & North Africa,Lower middle income,2008,2008,2011,2011,,10,10,Percent,Primary energy,All technologies,,,https://www.ren21.net/wp-content/uploads/2019/05/GSR2009_Full-Report_English.pdf,,Dou
TUR,Türkiye,Türkiye,Europe & Central Asia,Upper middle income,2010,2010,2023,2023,,30,30,Percent,Electricity ,All technologies ,30,,https://www.ren21.net/wp-content/uploads/2019/05/GSR2011_Full-Report_English.pdf,1,
TUR,Türkiye,Türkiye,Europe & Central Asia,Upper middle income,2019,2010,2023,2023,,65,65,Percent,Electricity ,All technologies ,65,,https://www.ren21.net/wp-content/uploads/2019/05/gsr_2020_full_report_en.pdf,1,Poon
TUR,Türkiye,Türkiye,Europe & Central Asia,Upper middle income,2020,2010,2020,2023,,38,38,Percent,Electricity ,All technologies ,38,,https://www.ren21.net/wp-content/uploads/2019/05/GSR2021_Full_Report.pdf,1,Poon
TUR,Türkiye,Türkiye,Europe & Central Asia,Upper middle income,2021,2010,2023,2023,,39,39,Percent,Electricity ,All technologies ,39,,https://www.ren21.net/wp-content/uploads/2019/05/GSR2022_Full_Report.pdf,1,Poon
TUR,Türkiye,Türkiye,Europe & Central Asia,Upper middle income,2022,2010,2023,2023,,50,50,Percent,Electricity ,All technologies ,50,,https://www.ren21.net/wp-content/uploads/2019/05/GSR-2023_Energy-Supply-Module.pdf,1,Poon
TUR,Türkiye,Türkiye,Europe & Central Asia,Upper middle income,2011,2011,2023,2023,,30,30,Percent,Primary energy,All technologies,,,https://www.ren21.net/wp-content/uploads/2019/05/GSR2012_Full-Report_English.pdf,,Dou
TUV,Tuvalu,Tuvalu,East Asia & Pacific,Upper middle income,2011,2011,2020,2025,,100,100,Percent,Electricity ,All technologies,100,,https://www.ren21.net/Portals/0/documents/activities/gsr/GSR2012.pdf,1,
TUV,Tuvalu,Tuvalu,East Asia & Pacific,Upper middle income,2021,2011,2025,2025,,100,100,Percent,Electricity ,All technologies,100,,https://www.ren21.net/wp-content/uploads/2019/05/GSR2022_Full_Report.pdf,1,
TUV,Tuvalu,Tuvalu,East Asia & Pacific,Upper middle income,2020,2020,2050,2050,,100,100,Percent,Final energy,All technologies,100,,https://www.ren21.net/wp-content/uploads/2019/05/GSR2021_Full_Report.pdf,1,Dou
UGA,Uganda,Uganda,Sub-Saharan Africa,Low income,2011,2011,2017,2017,,61,61,Percent,Electricity ,All technologies,61,,https://www.ren21.net/Portals/0/documents/activities/gsr/GSR2012.pdf,1,
UGA,Uganda,Uganda,Sub-Saharan Africa,Low income,2022,2022,2050,2050,,100,100,Percent,Final energy,All technologies,100,,https://www.ren21.net/wp-content/uploads/2019/05/GSR2023_GlobalOverview_Full_Report_with_endnotes_web.pdf,1,Dou
UGA,Uganda,Uganda,Sub-Saharan Africa,Low income,2009,2009,2017,2050,,61,61,Percent,Primary energy,All technologies,,,https://www.ren21.net/wp-content/uploads/2019/05/GSR2010_Full-Report_English.pdf,,Dou
UGA,Uganda,Uganda,Sub-Saharan Africa,Low income,2021,2009,2050,2050,,100,100,Percent,Primary energy,All technologies,,,https://www.ren21.net/wp-content/uploads/2019/05/GSR2022_Full_Report.pdf,,Dou
UKR,Ukraine,Ukraine,Europe & Central Asia,Upper middle income,2013,2013,2030,2035,,20,20,Percent,Electricity ,All technologies,20,,https://www.ren21.net/wp-content/uploads/2019/05/GSR2014_Full-Report_English.pdf,1,
UKR,Ukraine,Ukraine,Europe & Central Asia,Upper middle income,2014,2013,2020,2035,,12,12,Percent,Electricity ,All technologies,12,,https://www.ren21.net/wp-content/uploads/2019/05/GSR2015_Full-Report_English.pdf,1,
UKR,Ukraine,Ukraine,Europe & Central Asia,Upper middle income,2015,2013,2020,2035,,11,11,Percent,Electricity ,All technologies,11,,https://www.ren21.net/wp-content/uploads/2019/05/REN21_GSR2016_FullReport_en_11.pdf,1,Poon
UKR,Ukraine,Ukraine,Europe & Central Asia,Upper middle income,2017,2013,2035,2035,,25,25,Percent,Electricity ,All technologies,25,,https://www.ren21.net/wp-content/uploads/2019/08/Full-Report-2018.pdf,1,
UKR,Ukraine,Ukraine,Europe & Central Asia,Upper middle income,2012,2012,2020,2035,,11,11,Percent,Final energy,All technologies,11,,https://www.ren21.net/wp-content/uploads/2019/05/GSR2013_Full-Report_English.pdf,1,Dou
UKR,Ukraine,Ukraine,Europe & Central Asia,Upper middle income,2017,2012,2035,2035,,25,25,Percent,Final energy,All technologies,25,,https://www.ren21.net/wp-content/uploads/2019/08/Full-Report-2018.pdf,1,Dou
UKR,Ukraine,Ukraine,Europe & Central Asia,Upper middle income,2011,2011,2030,2035,,19,19,Percent,Primary energy,All technologies,,,https://www.ren21.net/wp-content/uploads/2019/05/GSR2012_Full-Report_English.pdf,,Dou
UKR,Ukraine,Ukraine,Europe & Central Asia,Upper middle income,2014,2011,2030,2035,,18,18,Percent,Primary energy,All technologies,,,https://www.ren21.net/wp-content/uploads/2019/05/GSR2015_Full-Report_English.pdf,,Dou
UKR,Ukraine,Ukraine,Europe & Central Asia,Upper middle income,2020,2011,2035,2035,,11,11,Percent,Primary energy,All technologies,,,https://www.ren21.net/wp-content/uploads/2019/05/GSR2021_Full_Report.pdf,,Dou
UKR,Ukraine,Ukraine,Europe & Central Asia,Upper middle income,2021,2011,2025,2035,,12,12,Percent,Primary energy,All technologies,,,https://www.ren21.net/wp-content/uploads/2019/05/GSR2022_Full_Report.pdf,,Dou
UKR,Ukraine,Ukraine,Europe & Central Asia,Upper middle income,2021,2011,2035,2035,,25,25,Percent,Primary energy,All technologies,,,https://www.ren21.net/wp-content/uploads/2019/05/GSR2022_Full_Report.pdf,,Dou
ARE,United Arab Emirates,UAE,Middle East & North Africa,High income,2010,2010,2020,2050,,70,70,Percent,Electricity ,All technologies,70,,https://www.ren21.net/wp-content/uploads/2019/05/GSR2011_Full-Report_English.pdf,1,Poon
ARE,United Arab Emirates,UAE,Middle East & North Africa,High income,2021,2010,2030,2050,,21,21,Percent,Electricity ,All technologies,21,,https://www.ren21.net/wp-content/uploads/2019/05/GSR2022_Full_Report.pdf,1,
ARE,United Arab Emirates,UAE,Middle East & North Africa,High income,2021,2010,2050,2050,,44,44,Percent,Electricity ,All technologies,44,,https://www.ren21.net/wp-content/uploads/2019/05/GSR2022_Full_Report.pdf,1,Poon
ARE,United Arab Emirates,UAE,Middle East & North Africa,High income,2015,2015,2021,2050,,24,24,Percent,Final energy,All technologies,24,,https://www.ren21.net/wp-content/uploads/2019/05/REN21_GSR2016_FullReport_en_11.pdf,1,Dou
ARE,United Arab Emirates,UAE,Middle East & North Africa,High income,2019,2015,2050,2050,,44,44,Percent,Final energy,All technologies,44,,https://www.ren21.net/wp-content/uploads/2019/05/gsr_2020_full_report_en.pdf,1,Dou
ARE,United Arab Emirates,UAE,Middle East & North Africa,High income,2021,2021,2025,2025,,31,31,Percent,Primary energy,All technologies,,,https://www.ren21.net/wp-content/uploads/2019/05/GSR2022_Full_Report.pdf,,Dou
GBR,United Kingdom of Great Britain and Northern Ireland,UK,Europe & Central Asia,High income,2001,2001,2010,2035,,10,10,Percent,Electricity ,All technologies ,10,,https://eur-lex.europa.eu/legal-content/EN/TXT/PDF/?uri=CELEX:32001L0077&from=EN,1,
GBR,United Kingdom of Great Britain and Northern Ireland,UK,Europe & Central Asia,High income,2009,2001,2020,2035,,15,15,Percent,Electricity ,All technologies ,15,,https://assets.publishing.service.gov.uk/government/uploads/system/uploads/attachment_data/file/228866/7686.pdf,1,
GBR,United Kingdom of Great Britain and Northern Ireland,UK,Europe & Central Asia,High income,2020,2001,2020,2035,,31,31,Percent,Electricity ,All technologies ,31,,https://www.ren21.net/wp-content/uploads/2019/05/GSR2021_Full_Report.pdf,1,Poon
GBR,United Kingdom of Great Britain and Northern Ireland,UK,Europe & Central Asia,High income,2021,2001,2035,2035,,100,100,Percent,Electricity ,All technologies ,100,,https://www.ren21.net/wp-content/uploads/2019/05/GSR2022_Full_Report.pdf,1,
GBR,United Kingdom of Great Britain and Northern Ireland,UK,Europe & Central Asia,High income,2006,2006,2020,2020,,15,15,Percent,Final energy,All technologies,15,,https://www.ren21.net/wp-content/uploads/2019/05/GSR2007_Full-Report_English.pdf,1,Dou
USA,United States of America,USA,North America,High income,2021,2021,2035,2050,,100,100,Percent,Electricity ,All technologies,100,,https://www.ren21.net/wp-content/uploads/2019/05/GSR2022_Full_Report.pdf,1,Poon
USA,United States of America,USA,North America,High income,2022,2021,2050,2050,,100,100,Percent,Electricity ,All technologies,100,,https://www.ren21.net/wp-content/uploads/2019/05/GSR-2023_Energy-Supply-Module.pdf,1,Poon
URY,Uruguay,Uruguay,Latin America & Caribbean,High income,2011,2011,2015,2017,,15,15,Percent,Electricity ,All technologies,15,,https://www.ren21.net/Portals/0/documents/activities/gsr/GSR2012.pdf,1,
URY,Uruguay,Uruguay,Latin America & Caribbean,High income,2013,2011,2015,2017,,90,90,Percent,Electricity ,All technologies,90,,https://www.ren21.net/wp-content/uploads/2019/05/GSR2014_Full-Report_English.pdf,1,
URY,Uruguay,Uruguay,Latin America & Caribbean,High income,2014,2011,2015,2017,,92,92,Percent,Electricity ,All technologies,92,,https://www.ren21.net/wp-content/uploads/2019/05/GSR2015_Full-Report_English.pdf,1,
URY,Uruguay,Uruguay,Latin America & Caribbean,High income,2015,2011,2017,2017,,95,95,Percent,Electricity ,All technologies,95,,https://www.ren21.net/wp-content/uploads/2019/05/REN21_GSR2016_FullReport_en_11.pdf,1,
URY,Uruguay,Uruguay,Latin America & Caribbean,High income,2011,2011,2015,2015,,100,100,Percent,Primary energy,All technologies,,,https://www.ren21.net/wp-content/uploads/2019/05/GSR2012_Full-Report_English.pdf,,Dou
URY,Uruguay,Uruguay,Latin America & Caribbean,High income,2012,2011,2015,2015,,50,50,Percent,Primary energy,All technologies,,,https://www.ren21.net/wp-content/uploads/2019/05/GSR2013_Full-Report_English.pdf,,Dou
UZB,Uzbekistan,Uzbekistan,Europe & Central Asia,Lower middle income,2017,2017,2025,2030,,20,20,Percent,Electricity ,All technologies,20,,https://www.ren21.net/wp-content/uploads/2019/08/Full-Report-2018.pdf,1,
UZB,Uzbekistan,Uzbekistan,Europe & Central Asia,Lower middle income,2022,2017,2030,2030,,25,25,Percent,Electricity ,All technologies,25,,https://www.ren21.net/wp-content/uploads/2019/05/GSR-2023_Energy-Supply-Module.pdf,1,Poon
UZB,Uzbekistan,Uzbekistan,Europe & Central Asia,Lower middle income,2016,2016,2030,2050,,16,16,Percent,Final energy,All technologies,16,,https://www.ren21.net/wp-content/uploads/2019/05/GSR2017_Full-Report_English.pdf,1,Dou
UZB,Uzbekistan,Uzbekistan,Europe & Central Asia,Lower middle income,2016,2016,2050,2050,,19,19,Percent,Final energy,All technologies,19,,https://www.ren21.net/wp-content/uploads/2019/05/GSR2017_Full-Report_English.pdf,1,Dou
VUT,Vanuatu,Vanuatu,East Asia & Pacific,Lower middle income,2012,2012,2014,2030,,23,23,Percent,Electricity ,All technologies,23,,https://www.ren21.net/wp-content/uploads/2019/05/GSR2013_Full-Report_English.pd,1,Poon
VUT,Vanuatu,Vanuatu,East Asia & Pacific,Lower middle income,2013,2012,2015,2030,,40,40,Percent,Electricity ,All technologies,40,,https://www.ren21.net/wp-content/uploads/2019/05/GSR2014_Full-Report_English.pdf,1,
VUT,Vanuatu,Vanuatu,East Asia & Pacific,Lower middle income,2013,2012,2020,2030,,65,65,Percent,Electricity ,All technologies,65,,https://www.ren21.net/wp-content/uploads/2019/05/GSR2014_Full-Report_English.pdf,1,
VUT,Vanuatu,Vanuatu,East Asia & Pacific,Lower middle income,2015,2012,2030,2030,,100,100,Percent,Electricity ,All technologies,100,,https://www.ren21.net/wp-content/uploads/2019/05/REN21_GSR2016_FullReport_en_11.pdf,1,
VUT,Vanuatu,Vanuatu,East Asia & Pacific,Lower middle income,2022,2012,2025,2030,,50,50,Percent,Electricity ,All technologies,50,,https://www.ren21.net/wp-content/uploads/2019/05/GSR-2023_Energy-Supply-Module.pdf,1,Poon
VUT,Vanuatu,Vanuatu,East Asia & Pacific,Lower middle income,2015,2015,2020,2050,,65,65,Percent,Final energy,All technologies,65,,https://www.ren21.net/wp-content/uploads/2019/05/REN21_GSR2016_FullReport_en_11.pdf,1,Dou
VUT,Vanuatu,Vanuatu,East Asia & Pacific,Lower middle income,2020,2015,2050,2050,,100,100,Percent,Final energy,All technologies,100,,https://www.ren21.net/wp-content/uploads/2019/05/GSR2021_Full_Report.pdf,1,Dou
VNM,Viet Nam,Viet Nam,East Asia & Pacific,Lower middle income,2010,2010,2020,2050,,5,5,Percent,Electricity ,All technologies,5,,https://www.ren21.net/wp-content/uploads/2019/05/GSR2011_Full-Report_English.pdf,1,
VNM,Viet Nam,Viet Nam,East Asia & Pacific,Lower middle income,2016,2010,2020,2050,,7,7,Percent,Electricity ,All technologies,7,,https://www.ren21.net/wp-content/uploads/2019/05/GSR2017_Full-Report_English.pdf,1,
VNM,Viet Nam,Viet Nam,East Asia & Pacific,Lower middle income,2016,2010,2030,2050,,10,10,Percent,Electricity ,All technologies,10,,https://www.ren21.net/wp-content/uploads/2019/05/GSR2017_Full-Report_English.pdf,1,
VNM,Viet Nam,Viet Nam,East Asia & Pacific,Lower middle income,2016,2010,2050,2050,,100,100,Percent,Electricity ,All technologies,100,,https://www.ren21.net/wp-content/uploads/2019/05/GSR2017_Full-Report_English.pdf,1,
VNM,Viet Nam,Viet Nam,East Asia & Pacific,Lower middle income,2021,2010,2045,2050,,75,75,Percent,Electricity ,All technologies,75,,https://www.ren21.net/wp-content/uploads/2019/05/GSR2022_Full_Report.pdf,1,
VNM,Viet Nam,Viet Nam,East Asia & Pacific,Lower middle income,2022,2010,2050,2050,,68,68,Percent,Electricity ,All technologies,68,,https://www.ren21.net/wp-content/uploads/2019/05/GSR2023_GlobalOverview_Full_Report_with_endnotes_web.pdf,1,
VNM,Viet Nam,Viet Nam,East Asia & Pacific,Lower middle income,2009,2009,2010,2050,,3,3,Percent,Primary energy,All technologies,,,https://www.ren21.net/wp-content/uploads/2019/05/GSR2010_Full-Report_English.pdf,,Dou
VNM,Viet Nam,Viet Nam,East Asia & Pacific,Lower middle income,2009,2009,2020,2050,,5,5,Percent,Primary energy,All technologies,,,https://www.ren21.net/wp-content/uploads/2019/05/GSR2010_Full-Report_English.pdf,,Dou
VNM,Viet Nam,Viet Nam,East Asia & Pacific,Lower middle income,2009,2009,2050,2050,,11,11,Percent,Primary energy,All technologies,,,https://www.ren21.net/wp-content/uploads/2019/05/GSR2010_Full-Report_English.pdf,,Dou
VNM,Viet Nam,Viet Nam,East Asia & Pacific,Lower middle income,2010,2009,2025,2050,,8,8,Percent,Primary energy,All technologies,,,https://www.ren21.net/wp-content/uploads/2019/05/GSR2011_Full-Report_English.pdf,,Dou
VNM,Viet Nam,Viet Nam,East Asia & Pacific,Lower middle income,2020,2009,2030,2050,15,20,18,Percent,Primary energy,All technologies,,,https://www.ren21.net/wp-content/uploads/2019/05/GSR2021_Full_Report.pdf,,Dou
VNM,Viet Nam,Viet Nam,East Asia & Pacific,Lower middle income,2020,2009,2045,2050,,30,30,Percent,Primary energy,All technologies,,,https://www.ren21.net/wp-content/uploads/2019/05/GSR2021_Full_Report.pdf,,Dou
VNM,Viet Nam,Viet Nam,East Asia & Pacific,Lower middle income,2021,2009,2050,2050,,100,100,Percent,Primary energy,All technologies,,,https://www.ren21.net/wp-content/uploads/2019/05/GSR2022_Full_Report.pdf,,Dou
YEM,Yemen,Yemen,Middle East & North Africa,Low income,2012,2012,2015,2050,,15,15,Percent,Electricity ,All technologies,15,,https://www.ren21.net/wp-content/uploads/2019/05/GSR2013_Full-Report_English.pdf,1,
YEM,Yemen,Yemen,Middle East & North Africa,Low income,2016,2012,2050,2050,,100,100,Percent,Electricity ,All technologies,100,,https://www.ren21.net/wp-content/uploads/2019/05/GSR2017_Full-Report_English.pdf,1,
YEM,Yemen,Yemen,Middle East & North Africa,Low income,2021,2012,2025,2050,,15,15,Percent,Electricity ,All technologies,15,,https://www.ren21.net/wp-content/uploads/2019/05/GSR2022_Full_Report.pdf,1,Poon
ZMB,Zambia,Zambia,Sub-Saharan Africa,Lower middle income,2023,2023,2030,2030,,30,30,Percent,Final energy,All technologies,30,,https://www.ren21.net/wp-content/uploads/2019/05/GSR2024_GlobalOverview_Full_Report_with_endnotes_web.pdf,1,Dou
ZMB,Zambia,Zambia,Sub-Saharan Africa,Lower middle income,2021,2021,2030,2030,,30,30,Percent,Primary energy,All technologies,,,https://www.ren21.net/wp-content/uploads/2019/05/GSR2022_Full_Report.pdf,,Dou
ZWE,Zimbabwe,Zimbabwe,Sub-Saharan Africa,Lower middle income,2021,2021,2030,2030,,26.5,27,Percent,Electricity ,All technologies,27,,https://www.ren21.net/wp-content/uploads/2019/05/GSR2022_Full_Report.pdf,1,
ZWE,Zimbabwe,Zimbabwe,Sub-Saharan Africa,Lower middle income,2022,2021,2025,2030,,16.5,17,Percent,Electricity ,All technologies,17,,https://www.ren21.net/wp-content/uploads/2019/05/GSR-2023_Energy-Supply-Module.pdf,1,Poon
